Workbook

Sheet Legend
A1: Pair | B1: The (currency) pair of the trade that was taken | F1: All trades are executed using candle closure for an entry
A2: Date | B2: The date that the trade opened | F2: All trades are executed using conservative stop-losses
A3: Open time | B3: The exact time (hh:mm) a trade was opened | F3: All trades are executed using a risk:reward of 1:1
A4: Closing time | B4: The exact time (hh:mm) a trade was closed
A5: Order | B5: The type of order that was executed (long/short)
A6: Day | B6: What day of the week the trade was opened
A7: Session | B7: In what session the trade was opened
A8: Setup | B8: What pattern was used to open the trade
A9: News | B9: Whether there was a news event present during this trade
A10: Result | B10: What the result of the given trade is (win/loss)
A11: Mutation | B11: The mutation that the given trade resulted in, expressed in percentage
A12: Max. drawdown | B12: If a trade won, what the maximum amount of drawdown was (from open to highest/lowest wick)
A13: Max. result | B13: What the maximum risk:reward ratio of the given trade was
A14: Screenshot 4H | B14: A screenshot of the given trade on the 4 hour timeframe
A15: Screenshot 30min | B15: A screenshot of the given trade on the 30 minute timeframe
... A28: AOHOTL | B28: Amount of hits on target level

Sheet Data
A1: Pair | B1: Date | C1: Open time | D1: Closing time | E1: Order | F1: Day | G1: Session | H1: Setup | I1: 4H direction | J1: DoL | K1: ToL | L1: Level price | M1: PoBC | N1: PoBCfC | O1: AoPfB | P1: NLP | Q1: AOHOL | R1: AOHOTL | S1: Open | T1: High | U1: Low | V1: Close | W1: Result | X1: Mutation | Y1: Max. drawdown | Z1: Max. result | AA1: Screenshot 4H | AB1: Screenshot 30min | AC1: Screenshot 15min | AD1: Notes
A2: XAUUSD | B2: 45660 | C2: 0.26041667 | D2: 0.27083333 | E2: Sell | F2: Friday | G2: London | H2: Continuation | I2: Bullish | J2: 45660 | K2: 0.20833333 | L2: 2662.16 | P2: 2657.94 | Q2: 1 | R2: 4 | S2: 2662.7 | T2: 2662.8 | U2: 2660.98 | V2: 2661.34 | W2: Win | X2: 0.01 | Y2: 0.3 | Z2: 2.32 | AA2: https://www.tradingview.com/x/xnpOqAYi/ | AB2: https://www.tradingview.com/x/MU0nyts6/ | AC2: https://www.tradingview.com/x/mVnFS8i4/ | AD2: The max result is actually 32,21, but that would mean that you would have trade through multiple levels
A3: XAUUSD | B3: 45660 | C3: 0.5625 | D3: 0.59375 | E3: Sell | F3: Friday | G3: New York | H3: Continuation | I3: Bullish | J3: 45660 | K3: 0.52083333 | L3: 2656.7 | P3: 2652.46 | Q3: 1 | R3: 1 | S3: 2657.81 | T3: 2657.86 | U3: 2655.23 | V3: 2655.6 | W3: Win | X3: 0.01 | Y3: 17.7 | Z3: 1.39 | AA3: https://www.tradingview.com/x/xnpOqAYi/ | AC3: https://www.tradingview.com/x/U31jTson/ | AD3: The max result is actually 18,27, but that would mean that you would have trade through multiple levels
A4: XAUUSD | B4: 45663 | C4: 0.28125 | D4: 0.29166667 | E4: Sell | F4: Monday | G4: London | H4: Continuation | I4: Bearish | J4: 45659 | K4: 0.39583333 | L4: 2633.15 | P4: - | Q4: 1 | R4: - | S4: 2634.87 | T4: 2632.17 | U4: 2632.17 | V4: 2632.85 | W4: Loss | X4: -0.01 | Y4: - | Z4: 0.71 | AA4: https://www.tradingview.com/x/XpoqJ115/ | AB4: https://www.tradingview.com/x/Abn6e52g/ | AC4: https://www.tradingview.com/x/RgG5cyj6/
A5: XAUUSD | B5: 45663 | C5: 0.60416667 | D5: 0.61458333 | E5: Sell | F5: Monday | G5: New York | H5: Continuation | I5: Bearish | J5: 45663 | K5: 0.5625 | L5: 2642.33 | P5: 2626.73 | Q5: 0 | R5: 0 | S5: 2645.85 | T5: 2646.24 | U5: 2641.8 | V5: 2642.28 | W5: Win | X5: 0.01 | Y5: 2.4 | Z5: 3.92 | AA5: https://www.tradingview.com/x/1Qf7a0nY/ | AB5: https://www.tradingview.com/x/IB7tVyvO/ | AC5: https://www.tradingview.com/x/MusVpJs3/ | AD5: The max result is actually 7,06, but that would mean that you would have trade through multiple levels
A6: XAUUSD | B6: 45664 | C6: 0.53125 | D6: 0.54166667 | E6: Buy | F6: Tuesday | G6: New York | H6: Continuation | I6: Bullish | J6: 45663 | K6: 0.54166667 | L6: 2645.53 | P6: 2649.73 | Q6: 5 | R6: 1 | S6: 2645.43 | T6: 2646.67 | U6: 2644.54 | V6: 2646.57 | W6: Win | X6: 0.01 | Y6: 1.9 | Z6: 1.55 | AA6: https://www.tradingview.com/x/noefuquG/ | AB6: https://www.tradingview.com/x/sX9x4u6R/ | AC6: https://www.tradingview.com/x/6KGkOsgW/ | AD6: The max result is actually 8,69, but that would mean that you would have trade through multiple levels
A7: XAUUSD | B7: 45665 | C7: 0.30208333 | D7: 0.32291667 | E7: Buy | F7: Wednesday | G7: London | H7: Continuation | I7: Bullish | J7: 45665 | K7: 0.0625 | L7: 2650.81 | P7: 2654.82 | Q7: 1 | R7: 0 | S7: 2650.04 | T7: 2651.31 | U7: 2648.95 | V7: 2650.93 | W7: Win | X7: 0.01 | Y7: 4.9 | Z7: 1.71 | AA7: https://www.tradingview.com/x/x4iTZKKx/ | AB7: https://www.tradingview.com/x/oPN8P44K/ | AC7: https://www.tradingview.com/x/fCj6UJh5/
A8: XAUUSD | B8: 45665 | C8: 0.58333333 | D8: 0.59375 | E8: Buy | F8: Wednesday | G8: New York | H8: Continuation | I8: Bullish | J8: 45665 | K8: 0.54166667 | L8: 2650.79 | P8: 2654.82 | Q8: 1 | R8: 4 | S8: 2650.24 | T8: 2652.42 | U8: 2650.19 | V8: 2651.94 | W8: Win | X8: 0.01 | Y8: 4.3 | Z8: 1.65 | AA8: https://www.tradingview.com/x/hiy7l0ES/ | AB8: https://www.tradingview.com/x/YYmyL4kj/ | AC8: https://www.tradingview.com/x/Ugonmf0W/ | AD8: The max result is actually 10,36, but that would mean that you would have trade through multiple levels
A9: XAUUSD | B9: 45666 | C9: 0.3125 | D9: 0.32291667 | E9: Buy | F9: Thursday | G9: London | H9: Continuation | I9: Bullish | J9: 45666 | K9: 0.1875 | L9: 2659.92 | P9: 2663.37 | Q9: 2 | R9: 0 | S9: 2658.93 | T9: 2660.89 | U9: 2658.66 | V9: 2660.75 | W9: Win | X9: 0.01 | Y9: 4.1 | Z9: 1.26 | AA9: https://www.tradingview.com/x/9DPjKz6b/ | AB9: https://www.tradingview.com/x/zRDOHAGy/ | AC9: https://www.tradingview.com/x/KiF4mFdE/ | AD9: The max result is actually 8,42, but that would mean that you would have trade through multiple levels
A10: XAUUSD | B10: 45666 | C10: 0.57291667 | D10: 0.58333333 | E10: Buy | F10: Thursday | G10: New York | H10: Continuation | I10: Bullish | J10: 45639 | K10: 0.51041667 | L10: 2672.25 | P10: 2683.44 | Q10: 0 | R10: 0 | S10: 2672.12 | T10: 2674.46 | U10: 2671.66 | V10: 2672.75 | W10: Loss | X10: -0.01 | Y10: - | Z10: - | AA10: https://www.tradingview.com/x/Scgg4bfp/ | AB10: https://www.tradingview.com/x/cx7s0Izk/ | AC10: https://www.tradingview.com/x/QYqGYbH4/ | AD10: The SL got hit, right before it moved in the right direction and hit TP. It is hard to determine whether a flip happened or directly to SL, which would mean the trade wouldn't have been opened
A11: XAUUSD | B11: 45667 | C11: 0.28125 | D11: 0.32291667 | E11: Buy | F11: Friday | G11: London | H11: Continuation | I11: Bullish | J11: 45666 | K11: 0.60416667 | L11: 2674.96 | P11: 2683.44 | Q11: 3 | R11: 0 | S11: 2674 | T11: 2675.82 | U11: 2672.84 | V11: 2675.2 | W11: Win | X11: 0.01 | Y11: 13.1 | Z11: 3.28 | AA11: https://www.tradingview.com/x/zc572ZyN/ | AB11: https://www.tradingview.com/x/DJNHSLH9/ | AC11: https://www.tradingview.com/x/s16UFSdJ/
A12: XAUUSD | B12: 45670 | C12: 0.375 | D12: 0.38541667 | E12: Sell | F12: Monday | G12: London | H12: Continuation | I12: Bearish | J12: 45670 | K12: 0.27083333 | L12: 2685.09 | P12: 2680.47 | Q12: 1 | R12: 0 | S12: 2685.64 | T12: 2687.15 | U12: 2684.26 | V12: 2685.05 | W12: Loss | X12: -0.01 | Y12: - | Z12: 0.17 | AA12: https://www.tradingview.com/x/zSutV4Zl/ | AB12: https://www.tradingview.com/x/oWlK64qS/ | AC12: https://www.tradingview.com/x/SuiSwVJu/
A13: XAUUSD | B13: 45691 | C13: 0.63541667 | D13: 0.64583333 | E13: Buy | F13: Monday | G13: New York | H13: Continuation | I13: Bullish | J13: 45688 | K13: 0.66666667 | L13: 2812.31 | P13: - | Q13: 0 | R13: - | S13: 2810.89 | T13: 2814.65 | U13: 2809.98 | V13: 2814.23 | W13: Win | X13: 0.01 | Y13: 10.2 | Z13: 3.84 | AA13: https://www.tradingview.com/x/xMaukff8/ | AB13: https://www.tradingview.com/x/SkNsOwIh/ | AC13: https://www.tradingview.com/x/D9BIUApw/
A14: XAUUSD | B14: 45692 | C14: 0.26041667 | D14: 0.29166667 | E14: Sell | F14: Tuesday | G14: London | H14: Continuation | I14: Bearish | J14: 45692 | K14: 0.14583333 | L14: 2817.41 | P14: 2813.07 | Q14: 1 | R14: 0 | S14: 2818.9 | T14: 2819.07 | U14: 2813.28 | V14: 2816.49 | W14: Win | X14: 0.01 | Y14: 11.8 | Z14: 1.33 | AA14: https://www.tradingview.com/x/VDaWtATd/ | AB14: https://www.tradingview.com/x/wS6SXuoA/ | AC14: https://www.tradingview.com/x/pKMX4Qlg/ | AD14: The max result is actually 3,70, but that would mean that you would have trade through multiple levels
A15: XAUUSD | B15: 45692 | C15: 0.64583333 | D15: 0.66666667 | E15: Buy | F15: Tuesday | G15: New York | H15: Continuation | I15: Bullish | J15: 45692 | K15: 0.60416667 | L15: 2835.18 | P15: - | Q15: 1 | R15: - | S15: 2832.67 | T15: 2837.91 | U15: 2831.73 | V15: 2837.22 | W15: Win | X15: 0.01 | Y15: 13.8 | Z15: 1.46 | AA15: https://www.tradingview.com/x/SKeyj7XM/ | AB15: https://www.tradingview.com/x/PgRF3v8L/ | AC15: https://www.tradingview.com/x/KE0X8ttw/
A16: XAUUSD | B16: 45693 | C16: 0.28125 | D16: 0.30208333 | E16: Buy | F16: Wednesday | G16: London | H16: Continuation | I16: Bullish | J16: 45693 | K16: 0.22916667 | L16: 2856.38 | P16: - | Q16: 1 | R16: - | S16: 2856.02 | T16: 2858.97 | U16: 2855.27 | V16: 2857.97 | W16: Win | X16: 0.01 | Y16: 9 | Z16: 1.43 | AA16: https://www.tradingview.com/x/WMOQnYfJ/ | AB16: https://www.tradingview.com/x/LvKjd6p2/ | AC16: https://www.tradingview.com/x/l87L9VBn/
A17: XAUUSD | B17: 45693 | C17: 0.57291667 | D17: 0.58333333 | E17: Sell | F17: Wednesday | G17: New York | H17: Continuation | I17: Bullish | J17: 45693 | K17: 0.5 | L17: 2867.72 | P17: 2858 | Q17: 1 | R17: 0 | S17: 2869.01 | T17: 2870.26 | U17: 2867.04 | V17: 2867.37 | W17: Loss | X17: -0.01 | Y17: - | Z17: 0.13 | AA17: https://www.tradingview.com/x/4MmuA2Vt/ | AB17: https://www.tradingview.com/x/PvHsHIIc/ | AC17: https://www.tradingview.com/x/kjLtaEFP/
A18: XAUUSD | B18: 45694 | C18: 0.375 | D18: 0.38541667 | E18: Sell | F18: Thursday | G18: London | H18: Continuation | I18: Bearish | J18: 45693 | K18: 0.35416667 | L18: 2858 | P18: 2852.09 | Q18: 2 | R18: 0 | S18: 2858.15 | T18: 2858.2 | U18: 2854.78 | V18: 2855.59 | W18: Win | X18: 0.01 | Y18: 14.2 | Z18: 1.33 | AA18: https://www.tradingview.com/x/oAfqXVlO/ | AB18: https://www.tradingview.com/x/yjJ9RoJX/ | AC18: https://www.tradingview.com/x/ByzuSoft/ | AD18: The max result is actually 2,60, but that would mean that you would have trade through a level
A19: XAUUSD | B19: 45694 | C19: 0.53125 | D19: 0.58333333 | E19: Buy | F19: Thursday | G19: New York | H19: Continuation | I19: Bearish | J19: 45694 | K19: 0.35416667 | L19: 2860.92 | P19: 2871.42 | Q19: 4 | R19: 3 | S19: 28860.11 | T19: 2867.04 | U19: 28599.78 | V19: 2865.3 | W19: Loss | X19: -0.01 | Y19: - | Z19: 0.87 | AA19: https://www.tradingview.com/x/oOsVSkl2/ | AB19: https://www.tradingview.com/x/O9qjFFCc/ | AC19: https://www.tradingview.com/x/di6WRsDN/
A20: XAUUSD | B20: 45695 | C20: 0.54166667 | D20: 0.55208333 | E20: Buy | F20: Friday | G20: New York | H20: Continuation | I20: Bullish | J20: 45695 | K20: 0.5 | L20: 2867.36 | P20: 2871.42 | Q20: 1 | R20: 3 | S20: 2866.31 | T20: 2868.2 | U20: 2865.38 | V20: 2867.6 | W20: Loss | X20: -0.01 | Y20: - | Z20: 0.11 | AA20: https://www.tradingview.com/x/VnSme37y/ | AB20: https://www.tradingview.com/x/2NI6Gvh1/ | AC20: https://www.tradingview.com/x/r6xgoSaO/
A21: XAUUSD | B21: 45698 | C21: 0.29166667 | D21: 0.30208333 | E21: Buy | F21: Monday | G21: London | H21: Continuation | I21: Bullish | J21: 45698 | K21: 0.25 | L21: 2879 | P21: 2882.87 | Q21: 0 | R21: 0 | S21: 2878.54 | T21: 2879.14 | U21: 2875.9 | V21: 2879.1 | W21: Win | X21: 0.01 | Y21: 4.4 | Z21: 1.18 | AA21: https://www.tradingview.com/x/qOP4Gz1m/ | AB21: https://www.tradingview.com/x/a7spfYr7/ | AC21: https://www.tradingview.com/x/52dtYQ3N/ | AD21: The max result is actually 19,84, but that would mean that you would have trade through multiple levels
A22: XAUUSD | B22: 45698 | C22: 0.53125 | D22: 0.59375 | E22: Buy | F22: Monday | G22: New York | H22: Continuation | I22: Bullish | J22: 45698 | K22: 0.45833333 | L22: 2902.71 | P22: - | Q22: 1 | R22: - | S22: 2899.9 | T22: 2905.05 | U22: 2899.66 | V22: 2903.82 | W22: Win | X22: 0.01 | Y22: 28 | Z22: 1.69 | AA22: https://www.tradingview.com/x/B41MYd4s/ | AB22: https://www.tradingview.com/x/KFaEUy9v/ | AC22: https://www.tradingview.com/x/WuxRSfxU/
A23: XAUUSD | B23: 45699 | C23: 0.28125 | D23: 0.29166667 | E23: Buy | F23: Tuesday | G23: London | H23: Continuation | I23: Bullish | J23: 45699 | K23: 0.1875 | L23: 2922.13 | P23: 2939.64 | Q23: 0 | R23: 0 | S23: 2918.07 | T23: 1928.1 | U23: 2910.57 | V23: 2910.97 | W23: Win | X23: 0.01 | Y23: 11 | Z23: 1.41 | AA23: https://www.tradingview.com/x/i8v9KGfr/ | AB23: https://www.tradingview.com/x/Ob5LlcIy/ | AC23: https://www.tradingview.com/x/wrWp3QPP/
A24: XAUUSD | B24: 45699 | C24: 0.51041667 | D24: 0.54166667 | E24: Buy | F24: Tuesday | G24: New York | H24: Continuation | I24: Bearish | J24: 45699 | K24: 0.47916667 | L24: 2905.17 | P24: 2909.66 | Q24: 0 | R24: 0 | S24: 2902.4 | T24: 2906.14 | U24: 2901.97 | V24: 2905.58 | W24: Loss | X24: -0.01 | Y24: - | Z24: 0.26 | AA24: https://www.tradingview.com/x/P1PEepV7/ | AB24: https://www.tradingview.com/x/7KE3AWdH/ | AC24: https://www.tradingview.com/x/XmTfesPJ/
A25: XAUUSD | B25: 45701 | C25: 0.59375 | D25: 0.61458333 | E25: Sell | F25: Thursday | G25: New York | H25: Continuation | I25: Bullish | J25: 45701 | K25: 0.52083333 | L25: 2916.7 | P25: 2911.5 | Q25: 2 | R25: 0 | S25: 2917.51 | T25: 2917.8 | U25: 2912.74 | V25: 2915.2 | W25: Win | X25: 0.01 | Y25: 12.8 | Z25: 1.42 | AA25: https://www.tradingview.com/x/tTvve8HV/ | AB25: https://www.tradingview.com/x/Ln2cupAl/ | AC25: https://www.tradingview.com/x/yXmPbJ6q/
A26: XAUUSD | B26: 45702 | C26: 0.3125 | D26: 0.32291667 | E26: Buy | F26: Friday | G26: London | H26: Continuation | I26: Bullish | J26: 45702 | K26: 0.10416667 | L26: 2931.39 | P26: 2939.64 | Q26: 3 | R26: 0 | S26: 2931.14 | T26: 2933.2 | U26: 2930.66 | V26: 2932.86 | W26: Win | X26: 0.01 | Y26: 4.6 | Z26: 1.76 | AA26: https://www.tradingview.com/x/03Rtudzv/ | AB26: https://www.tradingview.com/x/n0htUmMD/ | AC26: https://www.tradingview.com/x/OBAkEVdI/
A27: XAUUSD | B27: 45702 | C27: 0.52083333 | D27: 0.53125 | E27: Sell | F27: Friday | G27: New York | H27: Continuation | I27: Bullish | J27: 45702 | K27: 0.45833333 | L27: 2935.04 | P27: 2931.6 | Q27: 1 | R27: 0 | S27: 2935.08 | T27: 2936.13 | U27: 2933.89 | V27: 2934.03 | W27: Win | X27: 0.01 | Y27: 7.6 | Z27: 1.15 | AA27: https://www.tradingview.com/x/CyKAqhaZ/ | AB27: https://www.tradingview.com/x/7bo3S0VU/ | AC27: https://www.tradingview.com/x/KdjZsJnD/ | AD27: The max result is actually 27,24, but that would mean that you would have trade through multiple levels
A28: XAUUSD | B28: 45705 | C28: 0.29166667 | D28: 0.30208333 | E28: Sell | F28: Monday | G28: London | H28: Continuation | I28: Bullish | J28: 45705 | K28: 0.25 | L28: 2899.28 | P28: 2876.95 | Q28: 0 | R28: 1 | S28: 2901.83 | T28: 2902.37 | U28: 2896 | V28: 2896.21 | W28: Win | X28: 0.01 | Y28: 4.2 | Z28: 1.31 | AA28: https://www.tradingview.com/x/WEkEwJQC/ | AB28: https://www.tradingview.com/x/PS2rpJ2K/ | AC28: https://www.tradingview.com/x/yYULF9E7/
A29: XAUUSD | B29: 45705 | C29: 0.55208333 | D29: 0.65625 | E29: Sell | F29: Monday | G29: New York | H29: Continuation | I29: Bullish | J29: 45705 | K29: 0.47916667 | L29: 2898.17 | P29: 2889.49 | Q29: 1 | R29: 0 | S29: 2900.92 | T29: 2901.5 | U29: 2896.6 | V29: 2897.41 | W29: Loss | X29: -0.01 | Y29: - | Z29: 0.51 | AA29: https://www.tradingview.com/x/uimFSRUl/ | AB29: https://www.tradingview.com/x/TtT0tDos/ | AC29: https://www.tradingview.com/x/bQ2dXKc8/ | AD29: The breakout candle is rather big. The price action in the trade is also quite choppy. This might be a good rule to add regarding putting a trade break even
A30: XAUUSD | B30: 45706 | C30: 0.30208333 | D30: 0.36458333 | E30: Buy | F30: Tuesday | G30: London | H30: Continuation | I30: Bullish | J30: 45706 | K30: 0.27083333 | L30: 2913.01 | P30: 2926.65 | Q30: 1 | R30: 0 | S30: 2910.55 | T30: 2914.25 | U30: 2909.85 | V30: 2913.76 | W30: Loss | X30: -0.01 | Y30: - | Z30: 0.42 | AA30: https://www.tradingview.com/x/OvHDO0cI/ | AB30: https://www.tradingview.com/x/TXWR6YAJ/ | AC30: https://www.tradingview.com/x/NRSVtzVu/
A31: XAUUSD | B31: 45706 | C31: 0.54166667 | D31: 0.57291667 | E31: Buy | F31: Tuesday | G31: New York | H31: Continuation | I31: Bullish | J31: 45706 | K31: 0.35416667 | L31: 2913.48 | P31: 2926.65 | Q31: 0 | R31: 0 | S31: 2911.19 | T31: 2914.71 | U31: 2910.84 | V31: 2914.1 | W31: Win | X31: 0.01 | Y31: 20.3 | Z31: 1.79 | AA31: https://www.tradingview.com/x/hvoB8kie/ | AB31: https://www.tradingview.com/x/gdEu9lLj/ | AC31: https://www.tradingview.com/x/RWTTBiSI/ | AD31: The max result is actually 16,1, but that would mean that you would have trade through multiple levels. Given that I would probably have moved the trade to BE, the 1,79 was the max result before the price comes back to the entry level
A32: XAUUSD | B32: 45707 | C32: 0.51041667 | D32: 0.52083333 | E32: Sell | F32: Wednesday | G32: New York | H32: Continuation | I32: Bullish | J32: 45707 | K32: 0.47916667 | L32: 2944.17 | P32: 2938.49 | Q32: 2 | R32: 0 | S32: 2944.7 | T32: 2945.94 | U32: 2942.79 | V32: 2943.39 | W32: Win | X32: 0.01 | Y32: 10.6 | Z32: 1.92 | AA32: https://www.tradingview.com/x/nVVbu7B1/ | AB32: https://www.tradingview.com/x/ie5wk0KV/ | AC32: https://www.tradingview.com/x/EAxpnqKF/ | AD32: The max result is actually 9,78, but that would mean that you would have trade through multiple levels
A33: XAUUSD | B33: 45708 | C33: 0.29166667 | D33: 0.35416667 | E33: Buy | F33: Thursday | G33: London | H33: Continuation | I33: Bullish | J33: 45707 | K33: 0.4375 | L33: 2945.79 | P33: - | Q33: 3 | R33: - | S33: 2943.63 | T33: 2946.67 | U33: 2943.51 | V33: 2946.54 | W33: Win | X33: 0.01 | Y33: 29.1 | Z33: 2.73 | AA33: https://www.tradingview.com/x/9tIvy6Kc/ | AB33: https://www.tradingview.com/x/MgFjvrYY/ | AC33: https://www.tradingview.com/x/u6BBSWQW/
A34: XAUUSD | B34: 45708 | C34: 0.54166667 | D34: 0.55208333 | E34: Sell | F34: Thursday | G34: New York | H34: Continuation | I34: Bullish | J34: 45708 | K34: 0.375 | L34: 2948.84 | P34: 2945.73 | Q34: 1 | R34: 0 | S34: 2949.45 | T34: 2949.47 | U34: 2947.03 | V34: 2948.57 | W34: Loss | X34: -0.01 | Y34: - | Z34: - | AA34: https://www.tradingview.com/x/7SqeuW07/ | AB34: https://www.tradingview.com/x/FJ2M6hce/ | AC34: https://www.tradingview.com/x/2x14agmq/
A35: XAUUSD | B35: 45709 | C35: 0.26041667 | D35: 0.27083333 | E35: Buy | F35: Friday | G35: London | H35: Continuation | I35: Bearish | J35: 45709 | K35: 0.1875 | L35: 2928.07 | P35: 2916.96 | Q35: 1 | R35: 0 | S35: 2928.41 | T35: 2928.65 | U35: 2925.15 | V35: 2927.47 | W35: Win | X35: 0.01 | Y35: 8 | Z35: 1.2 | AA35: https://www.tradingview.com/x/cpEQMVkc/ | AB35: https://www.tradingview.com/x/SGqrLVKK/ | AC35: https://www.tradingview.com/x/y46zoHWS/
A36: XAUUSD | B36: 45709 | C36: 0.51041667 | D36: 0.53125 | E36: Buy | F36: Friday | G36: New York | H36: Continuation | I36: Bearish | J36: 45709 | K36: 0.35416667 | L36: 2930.67 | P36: 2938.96 | Q36: 4 | R36: 0 | S36: 2930.4 | T36: 2934.52 | U36: 2929.63 | V36: 2934.05 | W36: Loss | X36: -0.01 | Y36: - | Z36: 0.63 | AA36: https://www.tradingview.com/x/N2jhAQBw/ | AB36: https://www.tradingview.com/x/O8LtpaQO/ | AC36: https://www.tradingview.com/x/Vii7dEvT/
A37: XAUUSD | B37: 45712 | C37: 0.54166667 | D37: 0.55208333 | E37: Buy | F37: Monday | G37: New York | H37: Continuation | I37: Bearish | J37: 45712 | K37: 0.41666667 | L37: 2946.18 | P37: 2954.34 | Q37: 2 | R37: 2 | S37: 2944.42 | T37: 2947.96 | U37: 2944.28 | V37: 2947.45 | W37: Win | X37: 0.01 | Y37: 21.4 | Z37: 1.16 | AA37: https://www.tradingview.com/x/emwqkpe4/ | AB37: https://www.tradingview.com/x/wVG479NH/ | AC37: https://www.tradingview.com/x/u6590E2X/ | AD37: The max result is actually 2,74, but that would mean that you would have trade through multiple levels. Given that I would probably have moved the trade to BE, the 1,16 was the max result before the price comes back to the entry level
A38: XAUUSD | B38: 45713 | C38: 0.3125 | D38: 0.33333333 | E38: Sell | F38: Tuesday | G38: London | H38: Continuation | I38: Bearish | J38: 45712 | K38: 0.6875 | L38: 2935.64 | P38: 2916.96 | Q38: 1 | R38: 1 | S38: 2936.58 | T38: 2938.33 | U38: 2935.24 | V38: 2935.55 | W38: Loss | X38: -0.01 | Y38: - | Z38: 0.79 | AA38: https://www.tradingview.com/x/AVhR02vW/ | AB38: https://www.tradingview.com/x/spNYOUqB/ | AC38: https://www.tradingview.com/x/HNzJVe7Y/
A39: XAUUSD | B39: 45713 | C39: 0.55208333 | D39: 0.5625 | E39: Buy | F39: Tuesday | G39: New York | H39: Continuation | I39: Bearish | J39: 45713 | K39: 0.52083333 | L39: 2940.05 | P39: 2949.67 | Q39: 1 | R39: 0 | S39: 2938.52 | T39: 2940.65 | U39: 2938.33 | V39: 2940.4 | W39: Loss | X39: -0.01 | Y39: - | Z39: 0.36 | AA39: https://www.tradingview.com/x/Ghx6OG4b/ | AB39: https://www.tradingview.com/x/9Y2OmGG5/ | AC39: https://www.tradingview.com/x/0WbK6X65/
A40: XAUUSD | B40: 45714 | C40: 0.53125 | D40: 0.57291667 | E40: Buy | F40: Wednesday | G40: New York | H40: Continuation | I40: Bearish | J40: 45714 | K40: 0.47916667 | L40: 2914.08 | P40: 2920.99 | Q40: 0 | R40: 0 | S40: 2912.87 | T40: 2915.12 | U40: 2912.58 | V40: 2914.76 | W40: Loss | X40: -0.01 | Y40: - | Z40: 0.29 | AA40: https://www.tradingview.com/x/2x0bKUxU/ | AB40: https://www.tradingview.com/x/RLgUVfaH/ | AC40: https://www.tradingview.com/x/GUJK0XJt/
A41: XAUUSD | B41: 45715 | C41: 0.27083333 | D41: 0.28125 | E41: Sell | F41: Thursday | G41: London | H41: Continuation | I41: Bearish | J41: 45714 | K41: 0.64583333 | L41: 2894.71 | P41: 2889.49 | Q41: 1 | R41: 1 | S41: 2895.82 | T41: 2896.27 | U41: 2890.69 | V41: 2893.77 | W41: Win | X41: 0.01 | Y41: 0.4 | Z41: 1.7 | AA41: https://www.tradingview.com/x/2Fve4KfQ/ | AB41: https://www.tradingview.com/x/1rZnv5P5/ | AC41: https://www.tradingview.com/x/oAGzuevW/
A42: XAUUSD | B42: 45716 | C42: 0.30208333 | D42: 0.3125 | E42: Sell | F42: Friday | G42: London | H42: Continuation | I42: Bearish | J42: 45716 | K42: 0.27083333 | L42: 2863.22 | P42: 2859.65 | Q42: 1 | R42: 1 | S42: 2863.98 | T42: 2864.63 | U42: 2861.76 | V42: 2863.19 | W42: Loss | X42: -0.01 | Y42: - | Z42: - | AA42: https://www.tradingview.com/x/Va218PK7/ | AB42: https://www.tradingview.com/x/f7nbVjiB/ | AC42: https://www.tradingview.com/x/pDDyN9Jv/
A43: XAUUSD | B43: 45716 | C43: 0.5625 | D43: 0.57291667 | E43: Buy | F43: Friday | G43: New York | H43: Continuation | I43: Bearish | J43: 45716 | K43: 0.5 | L43: 2862.56 | P43: 2865.57 | Q43: 2 | R43: 0 | S43: 2862.53 | T43: 2864.05 | U43: 2862.15 | V43: 2862.73 | W43: Loss | X43: -0.01 | Y43: - | Z43: 0.16 | AA43: https://www.tradingview.com/x/hthoGHip/ | AB43: https://www.tradingview.com/x/xo6KJeSU/ | AC43: https://www.tradingview.com/x/nI4sX1c9/
A44: XAUUSD | B44: 45719 | C44: 0.35416667 | D44: 0.375 | E44: Sell | F44: Monday | G44: London | H44: Continuation | I44: Bullish | J44: 45719 | K44: 0.1875 | L44: 2861.69 | P44: 2839.34 | Q44: 2 | R44: 0 | S44: 2862.27 | T44: 2863.76 | U44: 2860.92 | V44: 2863.68 | W44: Loss | X44: -0.01 | Y44: - | Z44: 0.58 | AA44: https://www.tradingview.com/x/yGL2Btlm/ | AB44: https://www.tradingview.com/x/WgSlEoiR/ | AC44: https://www.tradingview.com/x/HSzPv0wC/
A45: XAUUSD | B45: 45720 | C45: 0.26041667 | D45: 0.28125 | E45: Buy | F45: Tuesday | G45: London | H45: Continuation | I45: Bullish | J45: 45720 | K45: 0.1875 | L45: 2891.84 | P45: 2895.06 | Q45: 1 | R45: 3 | S45: 2891.17 | T45: 2892.68 | U45: 2890.18 | V45: 2892.4 | W45: Loss | X45: -0.01 | Y45: - | Z45: 0.77 | AA45: https://www.tradingview.com/x/1VvNTL9n/ | AB45: https://www.tradingview.com/x/WfbKGML2/ | AC45: https://www.tradingview.com/x/0LDDD1Z7/
A46: XAUUSD | B46: 45720 | C46: 0.55208333 | D46: 0.5625 | E46: Buy | F46: Tuesday | G46: New York | H46: Continuation | I46: Bullish | J46: 45714 | K46: 0.16666667 | L46: 2920.99 | P46: 2927.41 | Q46: 0 | R46: 0 | S46: 2919.79 | T46: 2921.12 | U46: 2919.02 | V46: 2921.05 | W46: Loss | X46: -0.01 | Y46: - | Z46: - | AA46: https://www.tradingview.com/x/Xcgf4Iwq/ | AB46: https://www.tradingview.com/x/6g5aa3OM/ | AC46: https://www.tradingview.com/x/MiMRN01L/
A47: XAUUSD | B47: 45721 | C47: 0.60416667 | D47: 0.61458333 | E47: Sell | F47: Wednesday | G47: New York | H47: Continuation | I47: Bearish | J47: 45721 | K47: 0.5 | L47: 2913.02 | P47: 2908.56 | Q47: 4 | R47: 0 | S47: 2913.34 | T47: 2916.18 | U47: 2910.96 | V47: 2912.85 | W47: Win | X47: 0.01 | Y47: 8.9 | Z47: 1.29 | AA47: https://www.tradingview.com/x/hoFUDJOv/ | AB47: https://www.tradingview.com/x/gZ9v3pXE/ | AC47: https://www.tradingview.com/x/Q30VK9tn/ | AD47: The max result is actually 5,62, but that would mean that you would have trade through multiple levels
A48: XAUUSD | B48: 45722 | C48: 0.26041667 | D48: 0.27083333 | E48: Sell | F48: Wednesday | G48: London | H48: Continuation | I48: Bullish | J48: 45722 | K48: 0.083333333 | L48: 2916.55 | P48: 2899.89 | Q48: 2 | R48: 1 | S48: 2917.28 | T48: 2917.46 | U48: 2915.36 | V48: 2915.62 | W48: Loss | X48: -0.01 | Y48: - | Z48: 0.7 | AA48: https://www.tradingview.com/x/Iz6Fz0l6/ | AB48: https://www.tradingview.com/x/UBHLpOxP/ | AC48: https://www.tradingview.com/x/TNkqBM9F/
A49: XAUUSD | B49: 45723 | C49: 0.26041667 | D49: 0.27083333 | E49: Buy | F49: Friday | G49: London | H49: Continuation | I49: Bullish | J49: 45723 | K49: 0.16666667 | L49: 2907.94 | P49: 2914.6 | Q49: 1 | R49: 0 | S49: 2906.41 | T49: 2909.69 | U49: 2906.24 | V49: 2908.57 | W49: Win | X49: 0.01 | Y49: 1.5 | Z49: 1.58 | AA49: https://www.tradingview.com/x/FIF9HgLF/ | AB49: https://www.tradingview.com/x/FIF9HgLF/ | AC49: https://www.tradingview.com/x/l4fPHZCl/ | AD49: The max result is actually 7,55, but that would mean that you would have trade through multiple levels. Given that I would probably have moved the trade to BE, the 1,58 was the max result before the price comes back to the entry level
A50: XAUUSD | B50: 45723 | C50: 0.59375 | D50: 0.60416667 | E50: Sell | F50: Friday | G50: New York | H50: Continuation | I50: Bullish | J50: 45723 | K50: 0.5 | L50: 2917.9 | P50: 2917.9 | Q50: 2 | R50: 1 | S50: 2918.45 | T50: 2920.47 | U50: 2916.69 | V50: 2917.84 | W50: Win | X50: 0.01 | Y50: 0.9 | Z50: 2.93 | AA50: https://www.tradingview.com/x/jFCsL962/ | AB50: https://www.tradingview.com/x/HCvnuSNP/ | AC50: https://www.tradingview.com/x/erqAwUbG/
A51: XAUUSD | B51: 45726 | C51: 0.3125 | D51: 0.33333333 | E51: Buy | F51: Monday | G51: London | H51: Continuation | I51: Bearish | J51: 45726 | K51: 0.1875 | L51: 2911.79 | P51: 2928.38 | Q51: 6 | R51: 3 | S51: 2910.51 | T51: 2912.42 | U51: 2909.13 | V51: 2911.96 | W51: Win | X51: 0.01 | Y51: 10.1 | Z51: 1.2 | AA51: https://www.tradingview.com/x/OpPg37Ko/ | AB51: https://www.tradingview.com/x/WE6FdQ8z/ | AC51: https://www.tradingview.com/x/DO8rwWZg/
A52: XAUUSD | B52: 45727 | C52: 0.29166667 | D52: 0.30208333 | E52: Sell | F52: Tuesday | G52: London | H52: Continuation | I52: Bullish | J52: 45727 | K52: 0.1875 | L52: 2895.65 | P52: 2881.48 | Q52: 2 | R52: 3 | S52: 2895.76 | T52: 2896.05 | U52: 2892.55 | V52: 2895.62 | W52: Loss | X52: -0.01 | Y52: - | Z52: - | AA52: https://www.tradingview.com/x/loMRCKam/ | AB52: https://www.tradingview.com/x/PZuRmVYW/ | AC52: https://www.tradingview.com/x/5NZtjE6l/
A53: XAUUSD | B53: 45727 | C53: 0.61458333 | D53: 0.625 | E53: Sell | F53: Tuesday | G53: New York | H53: Continuation | I53: Bullish | J53: 45727 | K53: 0.5 | L53: 2911.87 | P53: 2900.12 | Q53: 3 | R53: 0 | S53: 2912.86 | T53: 2913.71 | U53: 2907.28 | V53: 2907.67 | W53: Loss | X53: -0.01 | Y53: - | Z53: 0.15 | AA53: https://www.tradingview.com/x/aqClE9b4/ | AB53: https://www.tradingview.com/x/4YVCyBqP/ | AC53: https://www.tradingview.com/x/mCe8aGhA/
A54: XAUUSD | B54: 45728 | C54: 0.29166667 | D54: 0.30208333 | E54: Buy | F54: Wednesday | G54: London | H54: Continuation | I54: Bearish | J54: 45728 | K54: 0.22916667 | L54: 2915.29 | P54: 2920.02 | Q54: 1 | R54: 0 | S54: 2914.76 | T54: 2916.32 | U54: 2914.46 | V54: 2915.91 | W54: Win | X54: 0.01 | Y54: 2.3 | Z54: 2.84 | AA54: https://www.tradingview.com/x/sxUlViUZ/ | AB54: https://www.tradingview.com/x/ODGwPX8Y/ | AC54: https://www.tradingview.com/x/xiR3bcyU/
A55: XAUUSD | B55: 45729 | C55: 0.35416667 | D55: 0.36458333 | E55: Sell | F55: Thursday | G55: London | H55: Continuation | I55: Bullish | J55: 45729 | K55: 0.020833333 | L55: 2935.11 | P55: 2931.21 | Q55: 1 | R55: 1 | S55: 2936.05 | T55: 2936.8 | U55: 2934.31 | V55: 2935.07 | W55: Win | X55: 0.01 | Y55: 8.2 | Z55: 1.34 | AA55: https://www.tradingview.com/x/FyW1sKJD/ | AB55: https://www.tradingview.com/x/54oDhT1T/ | AC55: https://www.tradingview.com/x/BAEHhzTb/
A56: XAUUSD | B56: 45730 | C56: 0.3125 | D56: 0.32291667 | E56: Sell | F56: Friday | G56: London | H56: Continuation | I56: Bullish | J56: 45730 | K56: 0.875 | L56: 2982.83 | P56: 2979.25 | Q56: 5 | R56: 0 | S56: 2983.92 | T56: 2984.43 | U56: 2981.27 | V56: 2981.99 | W56: Loss | X56: -0.01 | Y56: - | Z56: 0.35 | AA56: https://www.tradingview.com/x/kM63mZIl/ | AB56: https://www.tradingview.com/x/3hFlK8uY/ | AC56: https://www.tradingview.com/x/fXpwz7DM/
A57: XAUUSD | B57: 45730 | C57: 0.59375 | D57: 0.60416667 | E57: Sell | F57: Friday | G57: New York | H57: Continuation | I57: Bullish | J57: 45730 | K57: 0.5 | L57: 2993.26 | P57: 2983.6 | Q57: 2 | R57: 1 | S57: 2993.86 | T57: 2994.99 | U57: 2991.86 | V57: 2993 | W57: Loss | X57: -0.01 | Y57: - | Z57: - | AA57: https://www.tradingview.com/x/6foSVSw7/ | AB57: https://www.tradingview.com/x/43D5YuQP/ | AC57: https://www.tradingview.com/x/kM63mZIl/
A58: XAUUSD | B58: 45734 | C58: 0.30208333 | D58: 0.32291667 | E58: Buy | F58: Tuesday | G58: London | H58: Continuation | I58: Bullish | J58: 45734 | K58: 0.25 | L58: 3014.3 | P58: - | Q58: 0 | R58: - | S58: 3011.79 | T58: 3017.27 | U58: 3011.02 | V58: 3015.15 | W58: Loss | X58: -0.01 | Y58: - | Z58: 0.26 | AA58: https://www.tradingview.com/x/eVgxnQ86/ | AB58: https://www.tradingview.com/x/HseEbdKy/ | AC58: https://www.tradingview.com/x/SYYZPWlp/
A59: XAUUSD | B59: 45734 | C59: 0.53125 | D59: 0.55208333 | E59: Buy | F59: Tuesday | G59: New York | H59: Continuation | I59: Bullish | J59: 45734 | K59: 0.41666667 | L59: 3026.48 | P59: - | Q59: 0 | R59: - | S59: 3024.47 | T59: 3029.48 | U59: 3024.21 | V59: 3027.88 | W59: Loss | X59: -0.01 | Y59: - | Z59: - | AA59: https://www.tradingview.com/x/S2Vu4M4X/ | AB59: https://www.tradingview.com/x/H2XD1GAR/ | AC59: https://www.tradingview.com/x/CrcngIsH/
A60: XAUUSD | B60: 45735 | C60: 0.26041667 | D60: 0.27083333 | E60: Buy | F60: Wednesday | G60: London | H60: Continuation | I60: Bullish | J60: 45734 | K60: 0.85416667 | L60: 3037.17 | P60: - | Q60: 3 | R60: - | S60: 3036.36 | T60: 3038.79 | U60: 3036.36 | V60: 3038.36 | W60: Win | X60: 0.01 | Y60: 13.4 | Z60: 3.44 | AA60: https://www.tradingview.com/x/6L3RDpcj/ | AB60: https://www.tradingview.com/x/LxCKHgrK/ | AC60: https://www.tradingview.com/x/5ARQzALU/
A61: XAUUSD | B61: 45735 | C61: 0.57291667 | D61: 0.58333333 | E61: Buy | F61: Wednesday | G61: New York | H61: Continuation | I61: Bullish | J61: 45735 | K61: 0.52083333 | L61: 3039.37 | P61: 3044.46 | Q61: 2 | R61: - | S61: 3037.23 | T61: 3040.24 | U61: 3036.16 | V61: 3039.56 | W61: Loss | X61: -0.01 | Y61: - | Z61: 0.42 | AA61: https://www.tradingview.com/x/j0Z8qs6C/ | AB61: https://www.tradingview.com/x/3cBee1gu/ | AC61: https://www.tradingview.com/x/BP3EU0Wg/
A62: XAUUSD | B62: 45736 | C62: 0.36458333 | D62: 0.375 | E62: Sell | F62: Thursday | G62: London | H62: Continuation | I62: Bearish | J62: 45736 | K62: 0.16666667 | L62: 3045.62 | P62: 3042.04 | Q62: 5 | R62: 0 | S62: 3046.72 | T62: 3047.7 | U62: 3044.58 | V62: 3045.02 | W62: Win | X62: 0.01 | Y62: 0.6 | Z62: 1.11 | AA62: https://www.tradingview.com/x/ZCudyvMk/ | AB62: https://www.tradingview.com/x/259JEwQu/ | AC62: https://www.tradingview.com/x/njjiQBGF/ | AD62: The max result is actually 7,26, but that would mean that you would have trade through multiple levels. Given that I would probably have moved the trade to BE, the 1,11 was the max result before the price comes back to the entry level
A63: XAUUSD | B63: 45736 | C63: 0.54166667 | D63: 0.5625 | E63: Buy | F63: Thursday | G63: New York | H63: Continuation | I63: Bearish | J63: 45736 | K63: 0.5 | L63: 3034.19 | P63: 3044.46 | Q63: 0 | R63: 0 | S63: 3030.79 | T63: 3035.13 | U63: 3030.59 | V63: 3034.4 | W63: Win | X63: 0.01 | Y63: 11 | Z63: 2.05 | AA63: https://www.tradingview.com/x/lAXpthKW/ | AB63: https://www.tradingview.com/x/KFh0mysC/ | AC63: https://www.tradingview.com/x/M4aeTVzG/
A64: XAUUSD | B64: 45737 | C64: 0.30208333 | D64: 0.375 | E64: Buy | F64: Friday | G64: London | H64: Continuation | I64: Bearish | J64: 45737 | K64: 0.22916667 | L64: 3030.65 | P64: 3046.42 | Q64: 0 | R64: 0 | S64: 3027.99 | T64: 3032.67 | U64: 3027.37 | V64: 3030.99 | W64: Win | X64: 0.01 | Y64: 30.1 | Z64: 1.05 | AA64: https://www.tradingview.com/x/bAgT5rAC/ | AB64: https://www.tradingview.com/x/McSi0WWK/ | AC64: https://www.tradingview.com/x/uZLzR1Mf/
A65: XAUUSD | B65: 45737 | C65: 0.59375 | D65: 0.60416667 | E65: Buy | F65: Friday | G65: New York | H65: Continuation | I65: Bearish | J65: 45737 | K65: 0.5625 | L65: 3035.26 | P65: 3046.42 | Q65: 1 | R65: 0 | S65: 3033.9 | T65: 3036.72 | U65: 3032.96 | V65: 3035.78 | W65: Loss | X65: -0.01 | Y65: - | Z65: 0.25 | AA65: https://www.tradingview.com/x/wiVkpo15/ | AB65: https://www.tradingview.com/x/Osb4f1UE/ | AC65: https://www.tradingview.com/x/69UNt3ER/
A66: XAUUSD | B66: 45740 | C66: 0.61458333 | D66: 0.625 | E66: Sell | F66: Monday | G66: New York | H66: Continuation | I66: Bullish | J66: 45740 | K66: 0.29166667 | L66: 3021.96 | P66: 3016.28 | Q66: 3 | R66: 1 | S66: 3024.36 | T66: 3026.04 | U66: 3020.84 | V66: 3021.3 | W66: Loss | X66: -0.01 | Y66: - | Z66: 0.52 | AA66: https://www.tradingview.com/x/tazGteqx/ | AB66: https://www.tradingview.com/x/qFh7LnLr/ | AC66: https://www.tradingview.com/x/BeKOBpkM/
A67: XAUUSD | B67: 45741 | C67: 0.26041667 | D67: 0.34375 | E67: Buy | F67: Tuesday | G67: London | H67: Continuation | I67: Bullish | J67: 45741 | K67: 0.22916667 | L67: 3015.3 | P67: 3024.36 | Q67: 2 | R67: 1 | S67: 3015.08 | T67: 3018.99 | U67: 3014.23 | V67: 3018.36 | W67: Loss | X67: -0.01 | Y67: - | Z67: 0.6 | AA67: https://www.tradingview.com/x/CrzRN8hO/ | AB67: https://www.tradingview.com/x/ySTrpzYU/ | AC67: https://www.tradingview.com/x/N5E49b2z/
A68: XAUUSD | B68: 45741 | C68: 0.52083333 | D68: 0.53125 | E68: Buy | F68: Tuesday | G68: New York | H68: Continuation | I68: Bullish | J68: 45740 | K68: 0.60416667 | L68: 3024.36 | P68: 3035.26 | Q68: 5 | R68: 0 | S68: 3024.14 | T68: 3025.4 | U68: 3023.39 | V68: 3025.12 | W68: Loss | X68: -0.01 | Y68: - | Z68: 0.75 | AA68: https://www.tradingview.com/x/hX9AndAa/ | AB68: https://www.tradingview.com/x/yvZBsrQp/ | AC68: https://www.tradingview.com/x/ejyGdlH7/
A69: XAUUSD | B69: 45742 | C69: 0.36458333 | D69: 0.375 | E69: Buy | F69: Wednesday | G69: London | H69: Continuation | I69: Bearish | J69: 45741 | K69: 0.625 | L69: 3028.17 | P69: 3035.26 | Q69: 1 | R69: 2 | S69: 3026.27 | T69: 3029.01 | U69: 3026.18 | V69: 3028.82 | W69: Win | X69: 0.01 | Y69: 2.6 | Z69: 1.22 | AA69: https://www.tradingview.com/x/4yCjqjR3/ | AB69: https://www.tradingview.com/x/2VDGmdis/ | AC69: https://www.tradingview.com/x/WJoDq59h/
A70: XAUUSD | B70: 45742 | C70: 0.59375 | D70: 0.60416667 | E70: Sell | F70: Wednesday | G70: New York | H70: Continuation | I70: Bearish | J70: 45742 | K70: 0.5625 | L70: 3025.72 | P70: 3018.64 | Q70: 0 | R70: 0 | S70: 3026.98 | T70: 3027.45 | U70: 3023.92 | V70: 3025.47 | W70: Win | X70: 0.01 | Y70: 3.6 | Z70: 2.05 | AA70: https://www.tradingview.com/x/JXhop7uV/ | AB70: https://www.tradingview.com/x/OcMFdJQQ/ | AC70: https://www.tradingview.com/x/4CzzbyIm/ | AD70: The max result is actually 3,45, but that would mean that you would have trade through multiple levels. Given that I would probably have moved the trade to BE, the 2,05 was the max result before the price comes back to the entry level
A71: XAUUSD | B71: 45743 | C71: 0.57291667 | D71: 0.58333333 | E71: Sell | F71: Thursday | G71: New York | H71: Continuation | I71: Bullish | J71: 45743 | K71: 0.52083333 | L71: 3049.73 | P71: 3035.69 | Q71: 1 | R71: 0 | S71: 3050.56 | T71: 3052.05 | U71: 3046.96 | V71: 3049.7 | W71: Loss | X71: -0.01 | Y71: - | Z71: 0.43 | AA71: https://www.tradingview.com/x/nzlQC2DW/ | AB71: https://www.tradingview.com/x/P2L8xITL/ | AC71: https://www.tradingview.com/x/VmMs7AmB/
A72: XAUUSD | B72: 45744 | C72: 0.27083333 | D72: 0.28125 | E72: Buy | F72: Friday | G72: London | H72: Continuation | I72: Bullish | J72: 45744 | K72: 0.14583333 | L72: 3075.45 | P72: - | Q72: 1 | R72: - | S72: 3072.92 | T72: 3076.81 | U72: 3072.88 | V72: 3076.4 | W72: Win | X72: 0.01 | Y72: 5.1 | Z72: 2.71 | AA72: https://www.tradingview.com/x/PA0sgUoX/ | AB72: https://www.tradingview.com/x/Ng4oO7ZC/ | AC72: https://www.tradingview.com/x/riLJlLgL/
A73: XAUUSD | B73: 45747 | C73: 0.32291667 | D73: 0.33333333 | E73: Buy | F73: Monday | G73: London | H73: Continuation | I73: Bullish | J73: 45747 | K73: 0.29166667 | L73: 3113.35 | P73: - | Q73: 0 | R73: - | S73: 3111.83 | T73: 3114.5 | U73: 3110.41 | V73: 3113.42 | W73: Win | X73: 0.01 | Y73: 19.8 | Z73: 4.8 | AA73: https://www.tradingview.com/x/Xw6LHgOp/ | AB73: https://www.tradingview.com/x/Hf0jeTUi/ | AC73: https://www.tradingview.com/x/oOXbWsNq/
A74: XAUUSD | B74: 45747 | C74: 0.58333333 | D74: 0.59375 | E74: Buy | F74: Monday | G74: New York | H74: Continuation | I74: Bearish | J74: 45747 | K74: 0.54166667 | L74: 3118.38 | P74: 3124.36 | Q74: 2 | R74: 0 | S74: 3117.82 | T74: 3119.57 | U74: 3116.39 | V74: 3119.46 | W74: Win | X74: 0.01 | Y74: 14.6 | Z74: 1.59 | AA74: https://www.tradingview.com/x/VT92abtn/ | AB74: https://www.tradingview.com/x/ErWXQD8G/ | AC74: https://www.tradingview.com/x/o8VQJtRX/ | AD74: The max result is actually 2,32, but that would mean that you would have trade through multiple levels
A75: XAUUSD | B75: 45748 | C75: 0.30208333 | D75: 0.3125 | E75: Sell | F75: Tuesday | G75: London | H75: Continuation | I75: Bullish | J75: 45748 | K75: 0.27083333 | L75: 3143.68 | P75: 3120.36 | Q75: 0 | R75: 0 | S75: 3144.65 | T75: 3145.13 | U75: 3141.53 | V75: 3142.57 | W75: Loss | X75: -0.01 | Y75: - | Z75: 0 | AA75: https://www.tradingview.com/x/2jTrwrLJ/ | AB75: https://www.tradingview.com/x/4fFOEVBt/ | AC75: https://www.tradingview.com/x/qOqfwgJo/
A76: XAUUSD | B76: 45749 | C76: 0.36458333 | D76: 0.375 | E76: Buy | F76: Tuesday | G76: London | H76: Continuation | I76: Bearish | J76: 45749 | K76: 0.33333333 | L76: 3117.92 | P76: 3129.23 | Q76: 1 | R76: 0 | S76: 3116.35 | T76: 3118.79 | U76: 3114.56 | V76: 3118.35 | W76: Loss | X76: -0.01 | Y76: - | Z76: 0.16 | AA76: https://www.tradingview.com/x/HhT0hEmJ/ | AB76: https://www.tradingview.com/x/tQt991ix/ | AC76: https://www.tradingview.com/x/t3XSf0eH/
A77: XAUUSD | B77: 45749 | C77: 0.65625 | D77: 0.66666667 | E77: Buy | F77: Tuesday | G77: New York | H77: Continuation | I77: Bearish | J77: 45749 | K77: 0.60416667 | L77: 3125.85 | P77: 3131.21 | Q77: 2 | R77: 4 | S77: 3125.67 | T77: 3132.07 | U77: 3124.73 | V77: 3127.35 | W77: Loss | X77: -0.01 | Y77: - | Z77: - | AA77: https://www.tradingview.com/x/biWfTEJl/ | AB77: https://www.tradingview.com/x/5wIlqYU4/ | AC77: https://www.tradingview.com/x/XB4nsEj4/
A78: XAUUSD | B78: 45754 | C78: 0.35416667 | D78: 0.375 | E78: Sell | F78: Monday | G78: London | H78: Continuation | I78: Bearish | J78: 45754 | K78: 0.25 | L78: 3018.78 | P78: 2978.72 | Q78: 0 | R78: 0 | S78: 3026.72 | T78: 3027.99 | U78: 3016.51 | V78: 3018.53 | W78: Loss | X78: -0.01 | Y78: - | Z78: 0.21 | AA78: https://www.tradingview.com/x/FCfyNmmT/ | AB78: https://www.tradingview.com/x/5osSYTMU/ | AC78: https://www.tradingview.com/x/lowbq4bw/
A79: XAUUSD | B79: 45754 | C79: 0.52083333 | D79: 0.54166667 | E79: Buy | F79: Monday | G79: New York | H79: Continuation | I79: Bearish | J79: 45754 | K79: 0.45833333 | L79: 3031.43 | P79: 3042.59 | Q79: 1 | R79: 2 | S79: 3026.61 | T79: 3033.2 | U79: 3026.26 | V79: 3032.63 | W79: Win | X79: 0.01 | Y79: 27 | Z79: 1.57 | AA79: https://www.tradingview.com/x/igXmjOZ2/ | AB79: https://www.tradingview.com/x/EeYxdQFB/ | AC79: https://www.tradingview.com/x/euclBH33/ | AD79: The max result is actually 2,11, but that would mean that you would have trade through multiple levels
A80: XAUUSD | B80: 45755 | C80: 0.29166667 | D80: 0.34375 | E80: Buy | F80: Tuesday | G80: London | H80: Continuation | I80: Bearish | J80: 45755 | K80: 0.20833333 | L80: 3000.99 | P80: 3031.21 | Q80: 0 | R80: 2 | S80: 2995.25 | T80: 3002.92 | U80: 2994.42 | V80: 3002.23 | W80: Win | X80: 0.01 | Y80: 29.5 | Z80: 1.75 | AA80: https://www.tradingview.com/x/ATWbydmX/ | AB80: https://www.tradingview.com/x/5RsYTiU1/ | AC80: https://www.tradingview.com/x/4RRAcTq2/
A81: XAUUSD | B81: 45755 | C81: 0.58333333 | D81: 0.60416667 | E81: Buy | F81: Tuesday | G81: New York | H81: Continuation | I81: Bullish | J81: 45755 | K81: 0.375 | L81: 3013.19 | P81: 3031.21 | Q81: 3 | R81: 2 | S81: 3009.32 | T81: 3019.58 | U81: 3009.19 | V81: 3017.43 | W81: Loss | X81: -0.01 | Y81: - | Z81: 0.24 | AA81: https://www.tradingview.com/x/P5pD0xO6/ | AB81: https://www.tradingview.com/x/3GZjNoip/ | AC81: https://www.tradingview.com/x/p0Asz1d2/ | AD81: the breakout candle is quite big
A82: XAUUSD | B82: 45756 | C82: 0.34375 | D82: 0.35416667 | E82: Buy | F82: Wednesday | G82: London | H82: Continuation | I82: Bullish | J82: 45756 | K82: 0.3125 | L82: 3017.22 | P82: 3031.21 | Q82: 0 | R82: 2 | S82: 3015.17 | T82: 3025.16 | U82: 3014.45 | V82: 3020.24 | W82: Win | X82: 0.01 | Y82: 8 | Z82: 1.91 | AA82: https://www.tradingview.com/x/Jzw26AvU/ | AB82: https://www.tradingview.com/x/W6nZwi92/ | AC82: https://www.tradingview.com/x/x5u2tiYQ/ | AD82: The price does not come back, so the max result is capped on the RR to the next level price
A83: XAUUSD | B83: 45756 | C83: 0.55208333 | D83: 0.5625 | E83: Buy | F83: Wednesday | G83: New York | H83: Continuation | I83: Bullish | J83: 45756 | K83: 0.5 | L83: 3044.81 | P83: 3075.72 | Q83: 1 | R83: 1 | S83: 3042.83 | T83: 3045.81 | U83: 3035.69 | V83: 3045.43 | W83: Win | X83: 0.01 | Y83: 2.2 | Z83: 2.83 | AA83: https://www.tradingview.com/x/5oEuF6dG/ | AB83: https://www.tradingview.com/x/JU6nqhgY/ | AC83: https://www.tradingview.com/x/jmDgBRmv/
A84: XAUUSD | B84: 45757 | C84: 0.30208333 | D84: 0.3125 | E84: Buy | F84: Thursday | G84: London | H84: Continuation | I84: Bullish | J84: 45757 | K84: 0.30208333 | L84: 3126.7 | P84: 3148.18 | Q84: 1 | R84: 1 | S84: 3125.07 | T84: 3132.56 | U84: 3124.45 | V84: 3129.48 | W84: Loss | X84: -0.01 | Y84: - | Z84: 0.2 | AA84: https://www.tradingview.com/x/F6BvMlE5/ | AB84: https://www.tradingview.com/x/TTXm7W6P/ | AC84: https://www.tradingview.com/x/7yeAwyKm/
A85: XAUUSD | B85: 45757 | C85: 0.63541667 | D85: 0.64583333 | E85: Buy | F85: Thursday | G85: New York | H85: Continuation | I85: Bullish | J85: 45757 | K85: 0.60416667 | L85: 3125.01 | P85: 3148.18 | Q85: 2 | R85: 0 | S85: 3122.97 | T85: 3127.46 | U85: 3120.92 | V85: 3125.67 | W85: Win | X85: 0.01 | Y85: - | Z85: 2.31 | AA85: https://www.tradingview.com/x/O2BT0O19/ | AB85: https://www.tradingview.com/x/BaUtwZ92/ | AC85: https://www.tradingview.com/x/MFco2Xeo/
A86: XAUUSD | B86: 45758 | C86: 0.54166667 | D86: 0.55208333 | E86: Sell | F86: Friday | G86: New York | H86: Continuation | I86: Bullish | J86: 45758 | K86: 0.47916667 | L86: 3214.95 | P86: 3195.66 | Q86: 1 | R86: 2 | S86: 3215.78 | T86: 3217.22 | U86: 3210.09 | V86: 3212.22 | W86: Loss | X86: -0.01 | Y86: - | Z86: 0.14 | AA86: https://www.tradingview.com/x/SS9sNLM7/ | AB86: https://www.tradingview.com/x/S1VMYYjD/ | AC86: https://www.tradingview.com/x/TBkLfe2l/
A87: XAUUSD | B87: 45761 | C87: 0.25 | D87: 0.26041667 | E87: Buy | F87: Monday | G87: London | H87: Continuation | I87: Bullish | J87: 45761 | K87: 0.22916667 | L87: 3232.74 | P87: - | Q87: 2 | R87: - | S87: 3232.24 | T87: 3235.72 | U87: 3231.89 | V87: 3234.57 | W87: Loss | X87: -0.01 | Y87: - | Z87: 0.24 | AA87: https://www.tradingview.com/x/DAmTNBYX/ | AB87: https://www.tradingview.com/x/Zn7utDj8/ | AC87: https://www.tradingview.com/x/MosxV8TZ/
A88: XAUUSD | B88: 45761 | C88: 0.61458333 | D88: 0.625 | E88: Sell | F88: Monday | G88: New York | H88: Continuation | I88: Bullish | J88: 45761 | K88: 0.52083333 | L88: 3209.33 | P88: 3195.66 | Q88: 0 | R88: 2 | S88: 3211.76 | T88: 3214.07 | U88: 3200.32 | V88: 3206.76 | W88: Win | X88: 0.01 | Y88: 51.6 | Z88: 1.52 | AA88: https://www.tradingview.com/x/jRHwRDcG/ | AB88: https://www.tradingview.com/x/M9t7uiK3/ | AC88: https://www.tradingview.com/x/MYBOxDP0/ | AD88: The max result is actually 1,82, but that would mean that you would have trade through multiple levels

Sheet Aggregate
B4: Mutation
B5: Jan | C5: Feb | D5: mrt | E5: apr | F5: mei | G5: jun | H5: jul | I5: aug | J5: sep | K5: okt | L5: nov | M5: dec
A6: 2023 | B6: =IF( COUNTIFS(Data!B2:B1005, ">="&DATE(2023,1,1), Data!B2:B1005, "<"&DATE(2023,2,1)) = 0, "", SUMIFS(Data!X2:X1005, Data!B2:B1005, ">="&DATE(2023,1,1), Data!B2:B1005, "<"&DATE(2023,2,1)) ) | C6: =IF( COUNTIFS(Data!B2:B1005, ">="&DATE(2023,2,1), Data!B2:B1005, "<"&DATE(2023,3,1)) = 0, "", SUMIFS(Data!X2:X1005, Data!B2:B1005, ">="&DATE(2023,2,1), Data!B2:B1005, "<"&DATE(2023,3,1)) ) | D6: =IF( COUNTIFS(Data!B2:B1005, ">="&DATE(2023,3,1), Data!B2:B1005, "<"&DATE(2023,4,1)) = 0, "", SUMIFS(Data!X2:X1005, Data!B2:B1005, ">="&DATE(2023,3,1), Data!B2:B1005, "<"&DATE(2023,4,1)) ) | E6: =IF( COUNTIFS(Data!B2:B1005, ">="&DATE(2023,4,1), Data!B2:B1005, "<"&DATE(2023,5,1)) = 0, "", SUMIFS(Data!X2:X1005, Data!B2:B1005, ">="&DATE(2023,4,1), Data!B2:B1005, "<"&DATE(2023,5,1)) ) | F6: =IF( COUNTIFS(Data!B2:B1005, ">="&DATE(2023,5,1), Data!B2:B1005, "<"&DATE(2023,6,1)) = 0, "", SUMIFS(Data!X2:X1005, Data!B2:B1005, ">="&DATE(2023,5,1), Data!B2:B1005, "<"&DATE(2023,6,1)) ) | G6: =IF( COUNTIFS(Data!B2:B1005, ">="&DATE(2023,6,1), Data!B2:B1005, "<"&DATE(2023,7,1)) = 0, "", SUMIFS(Data!X2:X1005, Data!B2:B1005, ">="&DATE(2023,6,1), Data!B2:B1005, "<"&DATE(2023,7,1)) ) | H6: =IF( COUNTIFS(Data!B2:B1005, ">="&DATE(2023,7,1), Data!B2:B1005, "<"&DATE(2023,8,1)) = 0, "", SUMIFS(Data!X2:X1005, Data!B2:B1005, ">="&DATE(2023,7,1), Data!B2:B1005, "<"&DATE(2023,8,1)) ) | I6: =IF( COUNTIFS(Data!B2:B1005, ">="&DATE(2023,8,1), Data!B2:B1005, "<"&DATE(2023,9,1)) = 0, "", SUMIFS(Data!X2:X1005, Data!B2:B1005, ">="&DATE(2023,8,1), Data!B2:B1005, "<"&DATE(2023,9,1)) ) | J6: =IF( COUNTIFS(Data!B2:B1005, ">="&DATE(2023,9,1), Data!B2:B1005, "<"&DATE(2023,10,1)) = 0, "", SUMIFS(Data!X2:X1005, Data!B2:B1005, ">="&DATE(2023,9,1), Data!B2:B1005, "<"&DATE(2023,10,1)) ) | K6: =IF( COUNTIFS(Data!B2:B1005, ">="&DATE(2023,10,1), Data!B2:B1005, "<"&DATE(2023,11,1)) = 0, "", SUMIFS(Data!X2:X1005, Data!B2:B1005, ">="&DATE(2023,10,1), Data!B2:B1005, "<"&DATE(2023,11,1)) ) | L6: =IF( COUNTIFS(Data!B2:B1005, ">="&DATE(2023,11,1), Data!B2:B1005, "<"&DATE(2023,12,1)) = 0, "", SUMIFS(Data!X2:X1005, Data!B2:B1005, ">="&DATE(2023,11,1), Data!B2:B1005, "<"&DATE(2023,12,1)) ) | M6: =IF( COUNTIFS(Data!B2:B1005, ">="&DATE(2024,1,1), Data!B2:B1005, "<"&DATE(2024,2,1)) = 0, "", SUMIFS(Data!X2:X1005, Data!B2:B1005, ">="&DATE(2024,1,1), Data!B2:B1005, "<"&DATE(2024,2,1)) )
A7: 2024 | B7: =IF( COUNTIFS(Data!B2:B1005, ">="&DATE(2024,1,1), Data!B2:B1005, "<"&DATE(2024,2,1)) = 0, "", SUMIFS(Data!X2:X1005, Data!B2:B1005, ">="&DATE(2024,1,1), Data!B2:B1005, "<"&DATE(2024,2,1)) ) | C7: =IF( COUNTIFS(Data!B2:B1005, ">="&DATE(2024,2,1), Data!B2:B1005, "<"&DATE(2024,3,1)) = 0, "", SUMIFS(Data!X2:X1005, Data!B2:B1005, ">="&DATE(2024,2,1), Data!B2:B1005, "<"&DATE(2024,3,1)) ) | D7: =IF( COUNTIFS(Data!B2:B1005, ">="&DATE(2024,3,1), Data!B2:B1005, "<"&DATE(2024,4,1)) = 0, "", SUMIFS(Data!X2:X1005, Data!B2:B1005, ">="&DATE(2024,3,1), Data!B2:B1005, "<"&DATE(2024,4,1)) ) | E7: =IF( COUNTIFS(Data!B2:B1005, ">="&DATE(2024,4,1), Data!B2:B1005, "<"&DATE(2024,5,1)) = 0, "", SUMIFS(Data!X2:X1005, Data!B2:B1005, ">="&DATE(2024,4,1), Data!B2:B1005, "<"&DATE(2024,5,1)) ) | F7: =IF( COUNTIFS(Data!B2:B1005, ">="&DATE(2024,5,1), Data!B2:B1005, "<"&DATE(2024,6,1)) = 0, "", SUMIFS(Data!X2:X1005, Data!B2:B1005, ">="&DATE(2024,5,1), Data!B2:B1005, "<"&DATE(2024,6,1)) ) | G7: =IF( COUNTIFS(Data!B2:B1005, ">="&DATE(2024,6,1), Data!B2:B1005, "<"&DATE(2024,7,1)) = 0, "", SUMIFS(Data!X2:X1005, Data!B2:B1005, ">="&DATE(2024,6,1), Data!B2:B1005, "<"&DATE(2024,7,1)) ) | H7: =IF( COUNTIFS(Data!B2:B1005, ">="&DATE(2024,7,1), Data!B2:B1005, "<"&DATE(2024,8,1)) = 0, "", SUMIFS(Data!X2:X1005, Data!B2:B1005, ">="&DATE(2024,7,1), Data!B2:B1005, "<"&DATE(2024,8,1)) ) | I7: =IF( COUNTIFS(Data!B2:B1005, ">="&DATE(2024,8,1), Data!B2:B1005, "<"&DATE(2024,9,1)) = 0, "", SUMIFS(Data!X2:X1005, Data!B2:B1005, ">="&DATE(2024,8,1), Data!B2:B1005, "<"&DATE(2024,9,1)) ) | J7: =IF( COUNTIFS(Data!B2:B1005, ">="&DATE(2024,9,1), Data!B2:B1005, "<"&DATE(2024,10,1)) = 0, "", SUMIFS(Data!X2:X1005, Data!B2:B1005, ">="&DATE(2024,9,1), Data!B2:B1005, "<"&DATE(2024,10,1)) ) | K7: =IF( COUNTIFS(Data!B2:B1005, ">="&DATE(2024,10,1), Data!B2:B1005, "<"&DATE(2024,11,1)) = 0, "", SUMIFS(Data!X2:X1005, Data!B2:B1005, ">="&DATE(2024,10,1), Data!B2:B1005, "<"&DATE(2024,11,1)) ) | L7: =IF( COUNTIFS(Data!B2:B1005, ">="&DATE(2024,11,1), Data!B2:B1005, "<"&DATE(2024,12,1)) = 0, "", SUMIFS(Data!X2:X1005, Data!B2:B1005, ">="&DATE(2024,11,1), Data!B2:B1005, "<"&DATE(2024,12,1)) ) | M7: =IF( COUNTIFS(Data!B2:B1005, ">="&DATE(2024,12,1), Data!B2:B1005, "<"&DATE(2025,1,1)) = 0, "", SUMIFS(Data!X2:X1005, Data!B2:B1005, ">="&DATE(2024,12,1), Data!B2:B1005, "<"&DATE(2025,1,1)) )
A8: 2025 | B8: =IF( COUNTIFS(Data!B2:B1005, ">="&DATE(2025,1,1), Data!B2:B1005, "<"&DATE(2025,2,1)) = 0, "", SUMIFS(Data!X2:X1005, Data!B2:B1005, ">="&DATE(2025,1,1), Data!B2:B1005, "<"&DATE(2025,2,1)) ) -> 0.05 | C8: =IF( COUNTIFS(Data!B2:B1005, ">="&DATE(2025,2,1), Data!B2:B1005, "<"&DATE(2025,3,1)) = 0, "", SUMIFS(Data!X2:X1005, Data!B2:B1005, ">="&DATE(2025,2,1), Data!B2:B1005, "<"&DATE(2025,3,1)) ) -> 0.05 | D8: =IF( COUNTIFS(Data!B2:B1005, ">="&DATE(2025,3,1), Data!B2:B1005, "<"&DATE(2025,4,1)) = 0, "", SUMIFS(Data!X2:X1005, Data!B2:B1005, ">="&DATE(2025,3,1), Data!B2:B1005, "<"&DATE(2025,4,1)) ) -> -0.01 | E8: =IF( COUNTIFS(Data!B2:B1005, ">="&DATE(2025,4,1), Data!B2:B1005, "<"&DATE(2025,5,1)) = 0, "", SUMIFS(Data!X2:X1005, Data!B2:B1005, ">="&DATE(2025,4,1), Data!B2:B1005, "<"&DATE(2025,5,1)) ) -> -0.02 | F8: =IF( COUNTIFS(Data!B2:B1005, ">="&DATE(2025,5,1), Data!B2:B1005, "<"&DATE(2025,6,1)) = 0, "", SUMIFS(Data!X2:X1005, Data!B2:B1005, ">="&DATE(2025,5,1), Data!B2:B1005, "<"&DATE(2025,6,1)) ) | G8: =IF( COUNTIFS(Data!B2:B1005, ">="&DATE(2025,6,1), Data!B2:B1005, "<"&DATE(2025,7,1)) = 0, "", SUMIFS(Data!X2:X1005, Data!B2:B1005, ">="&DATE(2025,6,1), Data!B2:B1005, "<"&DATE(2025,7,1)) ) | H8: =IF( COUNTIFS(Data!B2:B1005, ">="&DATE(2025,7,1), Data!B2:B1005, "<"&DATE(2025,8,1)) = 0, "", SUMIFS(Data!X2:X1005, Data!B2:B1005, ">="&DATE(2025,7,1), Data!B2:B1005, "<"&DATE(2025,8,1)) ) | I8: =IF( COUNTIFS(Data!B2:B1005, ">="&DATE(2025,8,1), Data!B2:B1005, "<"&DATE(2025,9,1)) = 0, "", SUMIFS(Data!X2:X1005, Data!B2:B1005, ">="&DATE(2025,8,1), Data!B2:B1005, "<"&DATE(2025,9,1)) ) | J8: =IF( COUNTIFS(Data!B2:B1005, ">="&DATE(2025,9,1), Data!B2:B1005, "<"&DATE(2025,10,1)) = 0, "", SUMIFS(Data!X2:X1005, Data!B2:B1005, ">="&DATE(2025,9,1), Data!B2:B1005, "<"&DATE(2025,10,1)) ) | K8: =IF( COUNTIFS(Data!B2:B1005, ">="&DATE(2025,10,1), Data!B2:B1005, "<"&DATE(2025,11,1)) = 0, "", SUMIFS(Data!X2:X1005, Data!B2:B1005, ">="&DATE(2025,10,1), Data!B2:B1005, "<"&DATE(2025,11,1)) ) | L8: =IF( COUNTIFS(Data!B2:B1005, ">="&DATE(2025,11,1), Data!B2:B1005, "<"&DATE(2025,12,1)) = 0, "", SUMIFS(Data!X2:X1005, Data!B2:B1005, ">="&DATE(2025,11,1), Data!B2:B1005, "<"&DATE(2025,12,1)) ) | M8: =IF( COUNTIFS(Data!B2:B1005, ">="&DATE(2025,12,1), Data!B2:B1005, "<"&DATE(2026,1,1)) = 0, "", SUMIFS(Data!X2:X1005, Data!B2:B1005, ">="&DATE(2025,12,1), Data!B2:B1005, "<"&DATE(2026,1,1)) )
A9: Average | B9: =IFERROR(AVERAGEIF(B6:B8, "<>"),"") -> 0.05 | C9: =IFERROR(AVERAGEIF(C6:C8, "<>"),"") -> 0.05 | D9: =IFERROR(AVERAGEIF(D6:D8, "<>"),"") -> -0.01 | E9: =IFERROR(AVERAGEIF(E6:E8, "<>"),"") -> -0.02 | F9: =IFERROR(AVERAGEIF(F6:F8, "<>"),"") | G9: =IFERROR(AVERAGEIF(G6:G8, "<>"),"") | H9: =IFERROR(AVERAGEIF(H6:H8, "<>"),"") | I9: =IFERROR(AVERAGEIF(I6:I8, "<>"),"") | ... M9: =IFERROR(AVERAGEIF(M6:M8, "<>"),"")
B13: Average running time
B14: Jan | C14: Feb | D14: mrt | E14: apr | F14: mei | G14: jun | H14: jul | I14: aug | J14: sep | K14: okt | L14: nov | M14: dec
A15: 2023 | B15: =IFERROR(__xludf.DUMMYFUNCTION("IFERROR( ARRAYFORMULA(AVERAGE(FILTER(Data!D2:D1005 - Data!C2:C1005, Data!B2:B1005 >= DATE(2023,1,1), Data!B2:B1005 < DATE(2023,2,1)))), """" ) "),"") | C15: =IFERROR(__xludf.DUMMYFUNCTION("IFERROR( ARRAYFORMULA(AVERAGE(FILTER(Data!D2:D1005 - Data!C2:C1005, Data!B2:B1005 >= DATE(2023,2,1), Data!B2:B1005 < DATE(2023,3,1)))), """" ) "),"") | D15: =IFERROR(__xludf.DUMMYFUNCTION("IFERROR( ARRAYFORMULA(AVERAGE(FILTER(Data!D2:D1005 - Data!C2:C1005, Data!B2:B1005 >= DATE(2023,3,1), Data!B2:B1005 < DATE(2023,4,1)))), """" ) "),"") | E15: =IFERROR(__xludf.DUMMYFUNCTION("IFERROR( ARRAYFORMULA(AVERAGE(FILTER(Data!D2:D1005 - Data!C2:C1005, Data!B2:B1005 >= DATE(2023,4,1), Data!B2:B1005 < DATE(2023,5,1)))), """" ) "),"") | F15: =IFERROR(__xludf.DUMMYFUNCTION("IFERROR( ARRAYFORMULA(AVERAGE(FILTER(Data!D2:D1005 - Data!C2:C1005, Data!B2:B1005 >= DATE(2023,5,1), Data!B2:B1005 < DATE(2023,6,1)))), """" ) "),"") | G15: =IFERROR(__xludf.DUMMYFUNCTION("IFERROR( ARRAYFORMULA(AVERAGE(FILTER(Data!D2:D1005 - Data!C2:C1005, Data!B2:B1005 >= DATE(2023,6,1), Data!B2:B1005 < DATE(2023,7,1)))), """" ) "),"") | H15: =IFERROR(__xludf.DUMMYFUNCTION("IFERROR( ARRAYFORMULA(AVERAGE(FILTER(Data!D2:D1005 - Data!C2:C1005, Data!B2:B1005 >= DATE(2023,7,1), Data!B2:B1005 < DATE(2023,8,1)))), """" ) "),"") | I15: =IFERROR(__xludf.DUMMYFUNCTION("IFERROR( ARRAYFORMULA(AVERAGE(FILTER(Data!D2:D1005 - Data!C2:C1005, Data!B2:B1005 >= DATE(2023,8,1), Data!B2:B1005 < DATE(2023,9,1)))), """" ) "),"") | J15: =IFERROR(__xludf.DUMMYFUNCTION("IFERROR( ARRAYFORMULA(AVERAGE(FILTER(Data!D2:D1005 - Data!C2:C1005, Data!B2:B1005 >= DATE(2023,9,1), Data!B2:B1005 < DATE(2023,10,1)))), """" ) "),"") | K15: =IFERROR(__xludf.DUMMYFUNCTION("IFERROR( ARRAYFORMULA(AVERAGE(FILTER(Data!D2:D1005 - Data!C2:C1005, Data!B2:B1005 >= DATE(2023,10,1), Data!B2:B1005 < DATE(2023,11,1)))), """" ) "),"") | L15: =IFERROR(__xludf.DUMMYFUNCTION("IFERROR( ARRAYFORMULA(AVERAGE(FILTER(Data!D2:D1005 - Data!C2:C1005, Data!B2:B1005 >= DATE(2023,11,1), Data!B2:B1005 < DATE(2023,12,1)))), """" ) "),"") | M15: =IFERROR(__xludf.DUMMYFUNCTION("IFERROR( ARRAYFORMULA(AVERAGE(FILTER(Data!D2:D1005 - Data!C2:C1005, Data!B2:B1005 >= DATE(2023,12,1), Data!B2:B1005 < DATE(2024,1,1)))), """" ) "),"")
A16: 2024 | B16: =IFERROR(__xludf.DUMMYFUNCTION("IFERROR( ARRAYFORMULA(AVERAGE(FILTER(Data!D2:D1005 - Data!C2:C1005, Data!B2:B1005 >= DATE(2024,1,1), Data!B2:B1005 < DATE(2024,2,1)))), """" ) "),"") | C16: =IFERROR(__xludf.DUMMYFUNCTION("IFERROR( ARRAYFORMULA(AVERAGE(FILTER(Data!D2:D1005 - Data!C2:C1005, Data!B2:B1005 >= DATE(2024,2,1), Data!B2:B1005 < DATE(2024,3,1)))), """" ) "),"") | D16: =IFERROR(__xludf.DUMMYFUNCTION("IFERROR( ARRAYFORMULA(AVERAGE(FILTER(Data!D2:D1005 - Data!C2:C1005, Data!B2:B1005 >= DATE(2024,3,1), Data!B2:B1005 < DATE(2024,4,1)))), """" ) "),"") | E16: =IFERROR(__xludf.DUMMYFUNCTION("IFERROR( ARRAYFORMULA(AVERAGE(FILTER(Data!D2:D1005 - Data!C2:C1005, Data!B2:B1005 >= DATE(2024,4,1), Data!B2:B1005 < DATE(2024,5,1)))), """" ) "),"") | F16: =IFERROR(__xludf.DUMMYFUNCTION("IFERROR( ARRAYFORMULA(AVERAGE(FILTER(Data!D2:D1005 - Data!C2:C1005, Data!B2:B1005 >= DATE(2024,5,1), Data!B2:B1005 < DATE(2024,6,1)))), """" ) "),"") | G16: =IFERROR(__xludf.DUMMYFUNCTION("IFERROR( ARRAYFORMULA(AVERAGE(FILTER(Data!D2:D1005 - Data!C2:C1005, Data!B2:B1005 >= DATE(2024,6,1), Data!B2:B1005 < DATE(2024,7,1)))), """" ) "),"") | H16: =IFERROR(__xludf.DUMMYFUNCTION("IFERROR( ARRAYFORMULA(AVERAGE(FILTER(Data!D2:D1005 - Data!C2:C1005, Data!B2:B1005 >= DATE(2024,7,1), Data!B2:B1005 < DATE(2024,8,1)))), """" ) "),"") | I16: =IFERROR(__xludf.DUMMYFUNCTION("IFERROR( ARRAYFORMULA(AVERAGE(FILTER(Data!D2:D1005 - Data!C2:C1005, Data!B2:B1005 >= DATE(2024,8,1), Data!B2:B1005 < DATE(2024,9,1)))), """" ) "),"") | J16: =IFERROR(__xludf.DUMMYFUNCTION("IFERROR( ARRAYFORMULA(AVERAGE(FILTER(Data!D2:D1005 - Data!C2:C1005, Data!B2:B1005 >= DATE(2024,9,1), Data!B2:B1005 < DATE(2024,10,1)))), """" ) "),"") | K16: =IFERROR(__xludf.DUMMYFUNCTION("IFERROR( ARRAYFORMULA(AVERAGE(FILTER(Data!D2:D1005 - Data!C2:C1005, Data!B2:B1005 >= DATE(2024,10,1), Data!B2:B1005 < DATE(2024,11,1)))), """" ) "),"") | L16: =IFERROR(__xludf.DUMMYFUNCTION("IFERROR( ARRAYFORMULA(AVERAGE(FILTER(Data!D2:D1005 - Data!C2:C1005, Data!B2:B1005 >= DATE(2024,11,1), Data!B2:B1005 < DATE(2024,12,1)))), """" ) "),"") | M16: =IFERROR(__xludf.DUMMYFUNCTION("IFERROR( ARRAYFORMULA(AVERAGE(FILTER(Data!D2:D1005 - Data!C2:C1005, Data!B2:B1005 >= DATE(2024,12,1), Data!B2:B1005 < DATE(2025,1,1)))), """" ) "),"")
A17: 2025 | B17: =IFERROR(__xludf.DUMMYFUNCTION("IFERROR( ARRAYFORMULA(AVERAGE(FILTER(Data!D2:D1005 - Data!C2:C1005, Data!B2:B1005 >= DATE(2025,1,1), Data!B2:B1005 < DATE(2025,2,1)))), """" ) "),0.016098484848484862) -> 0.016098485 | C17: =IFERROR(__xludf.DUMMYFUNCTION("IFERROR( ARRAYFORMULA(AVERAGE(FILTER(Data!D2:D1005 - Data!C2:C1005, Data!B2:B1005 >= DATE(2025,2,1), Data!B2:B1005 < DATE(2025,3,1)))), """" ) "),0.02452956989247313) -> 0.02452957 | D17: =IFERROR(__xludf.DUMMYFUNCTION("IFERROR( ARRAYFORMULA(AVERAGE(FILTER(Data!D2:D1005 - Data!C2:C1005, Data!B2:B1005 >= DATE(2025,3,1), Data!B2:B1005 < DATE(2025,4,1)))), """" ) "),0.0168010752688172) -> 0.016801075 | E17: =IFERROR(__xludf.DUMMYFUNCTION("IFERROR( ARRAYFORMULA(AVERAGE(FILTER(Data!D2:D1005 - Data!C2:C1005, Data!B2:B1005 >= DATE(2025,4,1), Data!B2:B1005 < DATE(2025,5,1)))), """" ) "),0.015624999999999997) -> 0.015625 | F17: =IFERROR(__xludf.DUMMYFUNCTION("IFERROR( ARRAYFORMULA(AVERAGE(FILTER(Data!D2:D1005 - Data!C2:C1005, Data!B2:B1005 >= DATE(2025,5,1), Data!B2:B1005 < DATE(2025,6,1)))), """" ) "),"") | G17: =IFERROR(__xludf.DUMMYFUNCTION("IFERROR( ARRAYFORMULA(AVERAGE(FILTER(Data!D2:D1005 - Data!C2:C1005, Data!B2:B1005 >= DATE(2025,6,1), Data!B2:B1005 < DATE(2025,7,1)))), """" ) "),"") | H17: =IFERROR(__xludf.DUMMYFUNCTION("IFERROR( ARRAYFORMULA(AVERAGE(FILTER(Data!D2:D1005 - Data!C2:C1005, Data!B2:B1005 >= DATE(2025,7,1), Data!B2:B1005 < DATE(2025,8,1)))), """" ) "),"") | I17: =IFERROR(__xludf.DUMMYFUNCTION("IFERROR( ARRAYFORMULA(AVERAGE(FILTER(Data!D2:D1005 - Data!C2:C1005, Data!B2:B1005 >= DATE(2025,8,1), Data!B2:B1005 < DATE(2025,9,1)))), """" ) "),"") | J17: =IFERROR(__xludf.DUMMYFUNCTION("IFERROR( ARRAYFORMULA(AVERAGE(FILTER(Data!D2:D1005 - Data!C2:C1005, Data!B2:B1005 >= DATE(2025,9,1), Data!B2:B1005 < DATE(2025,10,1)))), """" ) "),"") | K17: =IFERROR(__xludf.DUMMYFUNCTION("IFERROR( ARRAYFORMULA(AVERAGE(FILTER(Data!D2:D1005 - Data!C2:C1005, Data!B2:B1005 >= DATE(2025,10,1), Data!B2:B1005 < DATE(2025,11,1)))), """" ) "),"") | L17: =IFERROR(__xludf.DUMMYFUNCTION("IFERROR( ARRAYFORMULA(AVERAGE(FILTER(Data!D2:D1005 - Data!C2:C1005, Data!B2:B1005 >= DATE(2025,11,1), Data!B2:B1005 < DATE(2025,12,1)))), """" ) "),"") | M17: =IFERROR(__xludf.DUMMYFUNCTION("IFERROR( ARRAYFORMULA(AVERAGE(FILTER(Data!D2:D1005 - Data!C2:C1005, Data!B2:B1005 >= DATE(2025,12,1), Data!B2:B1005 < DATE(2026,1,1)))), """" ) "),"")
A18: Average | B18: =IFERROR(AVERAGE(B15:B17),"") -> 0.016098485 | C18: =IFERROR(AVERAGE(C15:C17),"") -> 0.02452957 | D18: =IFERROR(AVERAGE(D15:D17),"") -> 0.016801075 | E18: =IFERROR(AVERAGE(E15:E17),"") -> 0.015625 | F18: =IFERROR(AVERAGE(F15:F17),"") | G18: =IFERROR(AVERAGE(G15:G17),"") | H18: =IFERROR(AVERAGE(H15:H17),"") | I18: =IFERROR(AVERAGE(I15:I17),"") | ... M18: =IFERROR(AVERAGE(M15:M17),"")
B22: Average running time losers
B23: Jan | C23: Feb | D23: mrt | E23: apr | F23: mei | G23: jun | H23: jul | I23: aug | J23: sep | K23: okt | L23: nov | M23: dec | R23: TODO: add this
A24: 2023 | B24: =IFERROR(__xludf.DUMMYFUNCTION("IFERROR(ARRAYFORMULA(AVERAGE(FILTER(Data!D2:D1005 - Data!C2:C1005, Data!B2:B1005 >= DATE(2023,1,1), Data!B2:B1005 < DATE(2023,2,1), Data!W2:W1005 = ""Loss""))),"""")"),"") | C24: =IFERROR(__xludf.DUMMYFUNCTION("IFERROR(ARRAYFORMULA(AVERAGE(FILTER(Data!D2:D1005 - Data!C2:C1005, Data!B2:B1005 >= DATE(2023,2,1), Data!B2:B1005 < DATE(2023,3,1), Data!W2:W1005 = ""Loss""))),"""")"),"") | D24: =IFERROR(__xludf.DUMMYFUNCTION("IFERROR(ARRAYFORMULA(AVERAGE(FILTER(Data!D2:D1005 - Data!C2:C1005, Data!B2:B1005 >= DATE(2023,3,1), Data!B2:B1005 < DATE(2023,4,1), Data!W2:W1005 = ""Loss""))),"""")"),"") | E24: =IFERROR(__xludf.DUMMYFUNCTION("IFERROR(ARRAYFORMULA(AVERAGE(FILTER(Data!D2:D1005 - Data!C2:C1005, Data!B2:B1005 >= DATE(2023,4,1), Data!B2:B1005 < DATE(2023,5,1), Data!W2:W1005 = ""Loss""))),"""")"),"") | F24: =IFERROR(__xludf.DUMMYFUNCTION("IFERROR(ARRAYFORMULA(AVERAGE(FILTER(Data!D2:D1005 - Data!C2:C1005, Data!B2:B1005 >= DATE(2023,5,1), Data!B2:B1005 < DATE(2023,6,1), Data!W2:W1005 = ""Loss""))),"""")"),"") | G24: =IFERROR(__xludf.DUMMYFUNCTION("IFERROR(ARRAYFORMULA(AVERAGE(FILTER(Data!D2:D1005 - Data!C2:C1005, Data!B2:B1005 >= DATE(2023,6,1), Data!B2:B1005 < DATE(2023,7,1), Data!W2:W1005 = ""Loss""))),"""")"),"") | H24: =IFERROR(__xludf.DUMMYFUNCTION("IFERROR(ARRAYFORMULA(AVERAGE(FILTER(Data!D2:D1005 - Data!C2:C1005, Data!B2:B1005 >= DATE(2023,7,1), Data!B2:B1005 < DATE(2023,8,1), Data!W2:W1005 = ""Loss""))),"""")"),"") | I24: =IFERROR(__xludf.DUMMYFUNCTION("IFERROR(ARRAYFORMULA(AVERAGE(FILTER(Data!D2:D1005 - Data!C2:C1005, Data!B2:B1005 >= DATE(2023,8,1), Data!B2:B1005 < DATE(2023,9,1), Data!W2:W1005 = ""Loss""))),"""")"),"") | J24: =IFERROR(__xludf.DUMMYFUNCTION("IFERROR(ARRAYFORMULA(AVERAGE(FILTER(Data!D2:D1005 - Data!C2:C1005, Data!B2:B1005 >= DATE(2023,9,1), Data!B2:B1005 < DATE(2023,10,1), Data!W2:W1005 = ""Loss""))),"""")"),"") | K24: =IFERROR(__xludf.DUMMYFUNCTION("IFERROR(ARRAYFORMULA(AVERAGE(FILTER(Data!D2:D1005 - Data!C2:C1005, Data!B2:B1005 >= DATE(2023,10,1), Data!B2:B1005 < DATE(2023,11,1), Data!W2:W1005 = ""Loss""))),"""")"),"") | L24: =IFERROR(__xludf.DUMMYFUNCTION("IFERROR(ARRAYFORMULA(AVERAGE(FILTER(Data!D2:D1005 - Data!C2:C1005, Data!B2:B1005 >= DATE(2023,11,1), Data!B2:B1005 < DATE(2023,12,1), Data!W2:W1005 = ""Loss""))),"""")"),"") | M24: =IFERROR(__xludf.DUMMYFUNCTION("IFERROR(ARRAYFORMULA(AVERAGE(FILTER(Data!D2:D1005 - Data!C2:C1005, Data!B2:B1005 >= DATE(2023,12,1), Data!B2:B1005 < DATE(2024,1,1), Data!W2:W1005 = ""Win""))),"""")"),"") | R24: Best day | S24: Worst day | T24: Best month | U24: Worst month
A25: 2024 | B25: =IFERROR(__xludf.DUMMYFUNCTION("IFERROR(ARRAYFORMULA(AVERAGE(FILTER(Data!D2:D1005 - Data!C2:C1005, Data!B2:B1005 >= DATE(2024,1,1), Data!B2:B1005 < DATE(2024,2,1), Data!W2:W1005 = ""Loss""))),"""")"),"") | C25: =IFERROR(__xludf.DUMMYFUNCTION("IFERROR(ARRAYFORMULA(AVERAGE(FILTER(Data!D2:D1005 - Data!C2:C1005, Data!B2:B1005 >= DATE(2024,2,1), Data!B2:B1005 < DATE(2024,3,1), Data!W2:W1005 = ""Loss""))),"""")"),"") | D25: =IFERROR(__xludf.DUMMYFUNCTION("IFERROR(ARRAYFORMULA(AVERAGE(FILTER(Data!D2:D1005 - Data!C2:C1005, Data!B2:B1005 >= DATE(2024,3,1), Data!B2:B1005 < DATE(2024,4,1), Data!W2:W1005 = ""Loss""))),"""")"),"") | E25: =IFERROR(__xludf.DUMMYFUNCTION("IFERROR(ARRAYFORMULA(AVERAGE(FILTER(Data!D2:D1005 - Data!C2:C1005, Data!B2:B1005 >= DATE(2024,4,1), Data!B2:B1005 < DATE(2024,5,1), Data!W2:W1005 = ""Win""))),"""")"),"") | F25: =IFERROR(__xludf.DUMMYFUNCTION("IFERROR(ARRAYFORMULA(AVERAGE(FILTER(Data!D2:D1005 - Data!C2:C1005, Data!B2:B1005 >= DATE(2024,5,1), Data!B2:B1005 < DATE(2024,6,1), Data!W2:W1005 = ""Win""))),"""")"),"") | G25: =IFERROR(__xludf.DUMMYFUNCTION("IFERROR(ARRAYFORMULA(AVERAGE(FILTER(Data!D2:D1005 - Data!C2:C1005, Data!B2:B1005 >= DATE(2024,6,1), Data!B2:B1005 < DATE(2024,7,1), Data!W2:W1005 = ""Loss""))),"""")"),"") | H25: =IFERROR(__xludf.DUMMYFUNCTION("IFERROR(ARRAYFORMULA(AVERAGE(FILTER(Data!D2:D1005 - Data!C2:C1005, Data!B2:B1005 >= DATE(2024,7,1), Data!B2:B1005 < DATE(2024,8,1), Data!W2:W1005 = ""Loss""))),"""")"),"") | I25: =IFERROR(__xludf.DUMMYFUNCTION("IFERROR(ARRAYFORMULA(AVERAGE(FILTER(Data!D2:D1005 - Data!C2:C1005, Data!B2:B1005 >= DATE(2024,8,1), Data!B2:B1005 < DATE(2024,9,1), Data!W2:W1005 = ""Loss""))),"""")"),"") | J25: =IFERROR(__xludf.DUMMYFUNCTION("IFERROR(ARRAYFORMULA(AVERAGE(FILTER(Data!D2:D1005 - Data!C2:C1005, Data!B2:B1005 >= DATE(2024,9,1), Data!B2:B1005 < DATE(2024,10,1), Data!W2:W1005 = ""Loss""))),"""")"),"") | K25: =IFERROR(__xludf.DUMMYFUNCTION("IFERROR(ARRAYFORMULA(AVERAGE(FILTER(Data!D2:D1005 - Data!C2:C1005, Data!B2:B1005 >= DATE(2024,10,1), Data!B2:B1005 < DATE(2024,11,1), Data!W2:W1005 = ""Loss""))),"""")"),"") | L25: =IFERROR(__xludf.DUMMYFUNCTION("IFERROR(ARRAYFORMULA(AVERAGE(FILTER(Data!D2:D1005 - Data!C2:C1005, Data!B2:B1005 >= DATE(2024,11,1), Data!B2:B1005 < DATE(2024,12,1), Data!W2:W1005 = ""Loss""))),"""")"),"") | M25: =IFERROR(__xludf.DUMMYFUNCTION("IFERROR(ARRAYFORMULA(AVERAGE(FILTER(Data!D2:D1005 - Data!C2:C1005, Data!B2:B1005 >= DATE(2024,12,1), Data!B2:B1005 < DATE(2025,1,1), Data!W2:W1005 = ""Loss""))),"""")"),"") | Q25: Winrate
A26: 2025 | B26: =IFERROR(__xludf.DUMMYFUNCTION("IFERROR(ARRAYFORMULA(AVERAGE(FILTER(Data!D2:D1005 - Data!C2:C1005, Data!B2:B1005 >= DATE(2025,1,1), Data!B2:B1005 < DATE(2025,2,1), Data!W2:W1005 = ""Loss""))),"""")"),0.010416666666666704) -> 0.010416667 | C26: =IFERROR(__xludf.DUMMYFUNCTION("IFERROR(ARRAYFORMULA(AVERAGE(FILTER(Data!D2:D1005 - Data!C2:C1005, Data!B2:B1005 >= DATE(2025,2,1), Data!B2:B1005 < DATE(2025,3,1), Data!W2:W1005 = ""Loss""))),"""")"),0.03044871794871796) -> 0.030448718 | D26: =IFERROR(__xludf.DUMMYFUNCTION("IFERROR(ARRAYFORMULA(AVERAGE(FILTER(Data!D2:D1005 - Data!C2:C1005, Data!B2:B1005 >= DATE(2025,3,1), Data!B2:B1005 < DATE(2025,4,1), Data!W2:W1005 = ""Win""))),"""")"),0.015972222222222214) -> 0.015972222 | E26: =IFERROR(__xludf.DUMMYFUNCTION("IFERROR(ARRAYFORMULA(AVERAGE(FILTER(Data!D2:D1005 - Data!C2:C1005, Data!B2:B1005 >= DATE(2025,4,1), Data!B2:B1005 < DATE(2025,5,1), Data!W2:W1005 = ""Loss""))),"""")"),0.013020833333333336) -> 0.013020833 | F26: =IFERROR(__xludf.DUMMYFUNCTION("IFERROR(ARRAYFORMULA(AVERAGE(FILTER(Data!D2:D1005 - Data!C2:C1005, Data!B2:B1005 >= DATE(2025,5,1), Data!B2:B1005 < DATE(2025,6,1), Data!W2:W1005 = ""Loss""))),"""")"),"") | G26: =IFERROR(__xludf.DUMMYFUNCTION("IFERROR(ARRAYFORMULA(AVERAGE(FILTER(Data!D2:D1005 - Data!C2:C1005, Data!B2:B1005 >= DATE(2025,6,1), Data!B2:B1005 < DATE(2025,7,1), Data!W2:W1005 = ""Loss""))),"""")"),"") | H26: =IFERROR(__xludf.DUMMYFUNCTION("IFERROR(ARRAYFORMULA(AVERAGE(FILTER(Data!D2:D1005 - Data!C2:C1005, Data!B2:B1005 >= DATE(2025,7,1), Data!B2:B1005 < DATE(2025,8,1), Data!W2:W1005 = ""Loss""))),"""")"),"") | I26: =IFERROR(__xludf.DUMMYFUNCTION("IFERROR(ARRAYFORMULA(AVERAGE(FILTER(Data!D2:D1005 - Data!C2:C1005, Data!B2:B1005 >= DATE(2025,8,1), Data!B2:B1005 < DATE(2025,9,1), Data!W2:W1005 = ""Loss""))),"""")"),"") | J26: =IFERROR(__xludf.DUMMYFUNCTION("IFERROR(ARRAYFORMULA(AVERAGE(FILTER(Data!D2:D1005 - Data!C2:C1005, Data!B2:B1005 >= DATE(2025,9,1), Data!B2:B1005 < DATE(2025,10,1), Data!W2:W1005 = ""Loss""))),"""")"),"") | K26: =IFERROR(__xludf.DUMMYFUNCTION("IFERROR(ARRAYFORMULA(AVERAGE(FILTER(Data!D2:D1005 - Data!C2:C1005, Data!B2:B1005 >= DATE(2025,10,1), Data!B2:B1005 < DATE(2025,11,1), Data!W2:W1005 = ""Loss""))),"""")"),"") | L26: =IFERROR(__xludf.DUMMYFUNCTION("IFERROR(ARRAYFORMULA(AVERAGE(FILTER(Data!D2:D1005 - Data!C2:C1005, Data!B2:B1005 >= DATE(2025,11,1), Data!B2:B1005 < DATE(2025,12,1), Data!W2:W1005 = ""Loss""))),"""")"),"") | M26: =IFERROR(__xludf.DUMMYFUNCTION("IFERROR(ARRAYFORMULA(AVERAGE(FILTER(Data!D2:D1005 - Data!C2:C1005, Data!B2:B1005 >= DATE(2025,12,1), Data!B2:B1005 < DATE(2026,1,1), Data!W2:W1005 = ""Loss""))),"""")"),"") | Q26: Mutation
A27: Average | B27: =IFERROR(AVERAGE(B24:B26),"") -> 0.010416667 | C27: =IFERROR(AVERAGE(C24:C26),"") -> 0.030448718 | D27: =IFERROR(AVERAGE(D24:D26),"") -> 0.015972222 | E27: =IFERROR(AVERAGE(E24:E26),"") -> 0.013020833 | F27: =IFERROR(AVERAGE(F24:F26),"") | G27: =IFERROR(AVERAGE(G24:G26),"") | H27: =IFERROR(AVERAGE(H24:H26),"") | I27: =IFERROR(AVERAGE(I24:I26),"") | ... M27: =IFERROR(AVERAGE(M24:M26),"") | Q27: Max losing streak
B31: Average running time winners
B32: Jan | C32: Feb | D32: mrt | E32: apr | F32: mei | G32: jun | H32: jul | I32: aug | J32: sep | K32: okt | L32: nov | M32: dec
A33: 2023 | B33: =IFERROR(__xludf.DUMMYFUNCTION("IFERROR(ARRAYFORMULA(AVERAGE(FILTER(Data!D2:D1005 - Data!C2:C1005, Data!B2:B1005 >= DATE(2023,1,1), Data!B2:B1005 < DATE(2023,2,1), Data!W2:W1005 = ""Win""))),"""")"),"") | C33: =IFERROR(__xludf.DUMMYFUNCTION("IFERROR(ARRAYFORMULA(AVERAGE(FILTER(Data!D2:D1005 - Data!C2:C1005, Data!B2:B1005 >= DATE(2023,2,1), Data!B2:B1005 < DATE(2023,3,1), Data!W2:W1005 = ""Win""))),"""")"),"") | D33: =IFERROR(__xludf.DUMMYFUNCTION("IFERROR(ARRAYFORMULA(AVERAGE(FILTER(Data!D2:D1005 - Data!C2:C1005, Data!B2:B1005 >= DATE(2023,3,1), Data!B2:B1005 < DATE(2023,4,1), Data!W2:W1005 = ""Win""))),"""")"),"") | E33: =IFERROR(__xludf.DUMMYFUNCTION("IFERROR(ARRAYFORMULA(AVERAGE(FILTER(Data!D2:D1005 - Data!C2:C1005, Data!B2:B1005 >= DATE(2023,4,1), Data!B2:B1005 < DATE(2023,5,1), Data!W2:W1005 = ""Win""))),"""")"),"") | F33: =IFERROR(__xludf.DUMMYFUNCTION("IFERROR(ARRAYFORMULA(AVERAGE(FILTER(Data!D2:D1005 - Data!C2:C1005, Data!B2:B1005 >= DATE(2023,5,1), Data!B2:B1005 < DATE(2023,6,1), Data!W2:W1005 = ""Win""))),"""")"),"") | G33: =IFERROR(__xludf.DUMMYFUNCTION("IFERROR(ARRAYFORMULA(AVERAGE(FILTER(Data!D2:D1005 - Data!C2:C1005, Data!B2:B1005 >= DATE(2023,6,1), Data!B2:B1005 < DATE(2023,7,1), Data!W2:W1005 = ""Win""))),"""")"),"") | H33: =IFERROR(__xludf.DUMMYFUNCTION("IFERROR(ARRAYFORMULA(AVERAGE(FILTER(Data!D2:D1005 - Data!C2:C1005, Data!B2:B1005 >= DATE(2023,7,1), Data!B2:B1005 < DATE(2023,8,1), Data!W2:W1005 = ""Win""))),"""")"),"") | I33: =IFERROR(__xludf.DUMMYFUNCTION("IFERROR(ARRAYFORMULA(AVERAGE(FILTER(Data!D2:D1005 - Data!C2:C1005, Data!B2:B1005 >= DATE(2023,8,1), Data!B2:B1005 < DATE(2023,9,1), Data!W2:W1005 = ""Win""))),"""")"),"") | J33: =IFERROR(__xludf.DUMMYFUNCTION("IFERROR(ARRAYFORMULA(AVERAGE(FILTER(Data!D2:D1005 - Data!C2:C1005, Data!B2:B1005 >= DATE(2023,9,1), Data!B2:B1005 < DATE(2023,10,1), Data!W2:W1005 = ""Win""))),"""")"),"") | K33: =IFERROR(__xludf.DUMMYFUNCTION("IFERROR(ARRAYFORMULA(AVERAGE(FILTER(Data!D2:D1005 - Data!C2:C1005, Data!B2:B1005 >= DATE(2023,10,1), Data!B2:B1005 < DATE(2023,11,1), Data!W2:W1005 = ""Win""))),"""")"),"") | L33: =IFERROR(__xludf.DUMMYFUNCTION("IFERROR(ARRAYFORMULA(AVERAGE(FILTER(Data!D2:D1005 - Data!C2:C1005, Data!B2:B1005 >= DATE(2023,11,1), Data!B2:B1005 < DATE(2023,12,1), Data!W2:W1005 = ""Win""))),"""")"),"") | M33: =IFERROR(__xludf.DUMMYFUNCTION("IFERROR(ARRAYFORMULA(AVERAGE(FILTER(Data!D2:D1005 - Data!C2:C1005, Data!B2:B1005 >= DATE(2023,12,1), Data!B2:B1005 < DATE(2024,1,1), Data!W2:W1005 = ""Win""))),"""")"),"")
A34: 2024 | B34: =IFERROR(__xludf.DUMMYFUNCTION("IFERROR(ARRAYFORMULA(AVERAGE(FILTER(Data!D2:D1005 - Data!C2:C1005, Data!B2:B1005 >= DATE(2024,1,1), Data!B2:B1005 < DATE(2024,2,1), Data!W2:W1005 = ""Win""))),"""")"),"") | C34: =IFERROR(__xludf.DUMMYFUNCTION("IFERROR(ARRAYFORMULA(AVERAGE(FILTER(Data!D2:D1005 - Data!C2:C1005, Data!B2:B1005 >= DATE(2024,2,1), Data!B2:B1005 < DATE(2024,3,1), Data!W2:W1005 = ""Win""))),"""")"),"") | D34: =IFERROR(__xludf.DUMMYFUNCTION("IFERROR(ARRAYFORMULA(AVERAGE(FILTER(Data!D2:D1005 - Data!C2:C1005, Data!B2:B1005 >= DATE(2024,3,1), Data!B2:B1005 < DATE(2024,4,1), Data!W2:W1005 = ""Win""))),"""")"),"") | E34: =IFERROR(__xludf.DUMMYFUNCTION("IFERROR(ARRAYFORMULA(AVERAGE(FILTER(Data!D2:D1005 - Data!C2:C1005, Data!B2:B1005 >= DATE(2024,4,1), Data!B2:B1005 < DATE(2024,5,1), Data!W2:W1005 = ""Win""))),"""")"),"") | F34: =IFERROR(__xludf.DUMMYFUNCTION("IFERROR(ARRAYFORMULA(AVERAGE(FILTER(Data!D2:D1005 - Data!C2:C1005, Data!B2:B1005 >= DATE(2024,5,1), Data!B2:B1005 < DATE(2024,6,1), Data!W2:W1005 = ""Win""))),"""")"),"") | G34: =IFERROR(__xludf.DUMMYFUNCTION("IFERROR(ARRAYFORMULA(AVERAGE(FILTER(Data!D2:D1005 - Data!C2:C1005, Data!B2:B1005 >= DATE(2024,6,1), Data!B2:B1005 < DATE(2024,7,1), Data!W2:W1005 = ""Win""))),"""")"),"") | H34: =IFERROR(__xludf.DUMMYFUNCTION("IFERROR(ARRAYFORMULA(AVERAGE(FILTER(Data!D2:D1005 - Data!C2:C1005, Data!B2:B1005 >= DATE(2024,7,1), Data!B2:B1005 < DATE(2024,8,1), Data!W2:W1005 = ""Win""))),"""")"),"") | I34: =IFERROR(__xludf.DUMMYFUNCTION("IFERROR(ARRAYFORMULA(AVERAGE(FILTER(Data!D2:D1005 - Data!C2:C1005, Data!B2:B1005 >= DATE(2024,8,1), Data!B2:B1005 < DATE(2024,9,1), Data!W2:W1005 = ""Win""))),"""")"),"") | J34: =IFERROR(__xludf.DUMMYFUNCTION("IFERROR(ARRAYFORMULA(AVERAGE(FILTER(Data!D2:D1005 - Data!C2:C1005, Data!B2:B1005 >= DATE(2024,9,1), Data!B2:B1005 < DATE(2024,10,1), Data!W2:W1005 = ""Win""))),"""")"),"") | K34: =IFERROR(__xludf.DUMMYFUNCTION("IFERROR(ARRAYFORMULA(AVERAGE(FILTER(Data!D2:D1005 - Data!C2:C1005, Data!B2:B1005 >= DATE(2024,10,1), Data!B2:B1005 < DATE(2024,11,1), Data!W2:W1005 = ""Win""))),"""")"),"") | L34: =IFERROR(__xludf.DUMMYFUNCTION("IFERROR(ARRAYFORMULA(AVERAGE(FILTER(Data!D2:D1005 - Data!C2:C1005, Data!B2:B1005 >= DATE(2024,11,1), Data!B2:B1005 < DATE(2024,12,1), Data!W2:W1005 = ""Win""))),"""")"),"") | M34: =IFERROR(__xludf.DUMMYFUNCTION("IFERROR(ARRAYFORMULA(AVERAGE(FILTER(Data!D2:D1005 - Data!C2:C1005, Data!B2:B1005 >= DATE(2024,12,1), Data!B2:B1005 < DATE(2025,1,1), Data!W2:W1005 = ""Win""))),"""")"),"")
A35: 2025 | B35: =IFERROR(__xludf.DUMMYFUNCTION("IFERROR(ARRAYFORMULA(AVERAGE(FILTER(Data!D2:D1005 - Data!C2:C1005, Data!B2:B1005 >= DATE(2025,1,1), Data!B2:B1005 < DATE(2025,2,1), Data!W2:W1005 = ""Win""))),"""")"),0.01822916666666667) -> 0.018229167 | C35: =IFERROR(__xludf.DUMMYFUNCTION("IFERROR(ARRAYFORMULA(AVERAGE(FILTER(Data!D2:D1005 - Data!C2:C1005, Data!B2:B1005 >= DATE(2025,2,1), Data!B2:B1005 < DATE(2025,3,1), Data!W2:W1005 = ""Win""))),"""")"),0.020254629629629636) -> 0.02025463 | D35: =IFERROR(__xludf.DUMMYFUNCTION("IFERROR(ARRAYFORMULA(AVERAGE(FILTER(Data!D2:D1005 - Data!C2:C1005, Data!B2:B1005 >= DATE(2025,3,1), Data!B2:B1005 < DATE(2025,4,1), Data!W2:W1005 = ""Win""))),"""")"),0.015972222222222214) -> 0.015972222 | E35: =IFERROR(__xludf.DUMMYFUNCTION("IFERROR(ARRAYFORMULA(AVERAGE(FILTER(Data!D2:D1005 - Data!C2:C1005, Data!B2:B1005 >= DATE(2025,4,1), Data!B2:B1005 < DATE(2025,5,1), Data!W2:W1005 = ""Win""))),"""")"),0.01909722222222221) -> 0.019097222 | F35: =IFERROR(__xludf.DUMMYFUNCTION("IFERROR(ARRAYFORMULA(AVERAGE(FILTER(Data!D2:D1005 - Data!C2:C1005, Data!B2:B1005 >= DATE(2025,5,1), Data!B2:B1005 < DATE(2025,6,1), Data!W2:W1005 = ""Win""))),"""")"),"") | G35: =IFERROR(__xludf.DUMMYFUNCTION("IFERROR(ARRAYFORMULA(AVERAGE(FILTER(Data!D2:D1005 - Data!C2:C1005, Data!B2:B1005 >= DATE(2025,6,1), Data!B2:B1005 < DATE(2025,7,1), Data!W2:W1005 = ""Win""))),"""")"),"") | H35: =IFERROR(__xludf.DUMMYFUNCTION("IFERROR(ARRAYFORMULA(AVERAGE(FILTER(Data!D2:D1005 - Data!C2:C1005, Data!B2:B1005 >= DATE(2025,7,1), Data!B2:B1005 < DATE(2025,8,1), Data!W2:W1005 = ""Win""))),"""")"),"") | I35: =IFERROR(__xludf.DUMMYFUNCTION("IFERROR(ARRAYFORMULA(AVERAGE(FILTER(Data!D2:D1005 - Data!C2:C1005, Data!B2:B1005 >= DATE(2025,8,1), Data!B2:B1005 < DATE(2025,9,1), Data!W2:W1005 = ""Win""))),"""")"),"") | J35: =IFERROR(__xludf.DUMMYFUNCTION("IFERROR(ARRAYFORMULA(AVERAGE(FILTER(Data!D2:D1005 - Data!C2:C1005, Data!B2:B1005 >= DATE(2025,9,1), Data!B2:B1005 < DATE(2025,10,1), Data!W2:W1005 = ""Win""))),"""")"),"") | K35: =IFERROR(__xludf.DUMMYFUNCTION("IFERROR(ARRAYFORMULA(AVERAGE(FILTER(Data!D2:D1005 - Data!C2:C1005, Data!B2:B1005 >= DATE(2025,10,1), Data!B2:B1005 < DATE(2025,11,1), Data!W2:W1005 = ""Win""))),"""")"),"") | L35: =IFERROR(__xludf.DUMMYFUNCTION("IFERROR(ARRAYFORMULA(AVERAGE(FILTER(Data!D2:D1005 - Data!C2:C1005, Data!B2:B1005 >= DATE(2025,11,1), Data!B2:B1005 < DATE(2025,12,1), Data!W2:W1005 = ""Win""))),"""")"),"") | M35: =IFERROR(__xludf.DUMMYFUNCTION("IFERROR(ARRAYFORMULA(AVERAGE(FILTER(Data!D2:D1005 - Data!C2:C1005, Data!B2:B1005 >= DATE(2025,12,1), Data!B2:B1005 < DATE(2026,1,1), Data!W2:W1005 = ""Win""))),"""")"),"")
A36: Average | B36: =IFERROR(AVERAGE(B33:B35),"") -> 0.018229167 | C36: =IFERROR(AVERAGE(C33:C35),"") -> 0.02025463 | D36: =IFERROR(AVERAGE(D33:D35),"") -> 0.015972222 | E36: =IFERROR(AVERAGE(E33:E35),"") -> 0.019097222 | F36: =IFERROR(AVERAGE(F33:F35),"") | G36: =IFERROR(AVERAGE(G33:G35),"") | H36: =IFERROR(AVERAGE(H33:H35),"") | I36: =IFERROR(AVERAGE(I33:I35),"") | ... M36: =IFERROR(AVERAGE(M33:M35),"")
B40: Max drawdown
B41: Jan | C41: Feb | D41: mrt | E41: apr | F41: mei | G41: jun | H41: jul | I41: aug | J41: sep | K41: okt | L41: nov | M41: dec
A42: 2023 | B42: =MAXIFS(Data!Y2:Y1005, Data!B2:B1005, ">="&DATE(2023,1,1), Data!B2:B1005, "<"&DATE(2023,2,1)) -> 0 | C42: =MAXIFS(Data!Y2:Y1005, Data!B2:B1005, ">="&DATE(2023,2,1), Data!B2:B1005, "<"&DATE(2023,3,1)) -> 0 | D42: =MAXIFS(Data!Y2:Y1005, Data!B2:B1005, ">="&DATE(2023,3,1), Data!B2:B1005, "<"&DATE(2023,4,1)) -> 0 | E42: =MAXIFS(Data!Y2:Y1005, Data!B2:B1005, ">="&DATE(2023,4,1), Data!B2:B1005, "<"&DATE(2023,5,1)) -> 0 | F42: =MAXIFS(Data!Y2:Y1005, Data!B2:B1005, ">="&DATE(2023,5,1), Data!B2:B1005, "<"&DATE(2023,6,1)) -> 0 | G42: =MAXIFS(Data!Y2:Y1005, Data!B2:B1005, ">="&DATE(2023,6,1), Data!B2:B1005, "<"&DATE(2023,7,1)) -> 0 | H42: =MAXIFS(Data!Y2:Y1005, Data!B2:B1005, ">="&DATE(2023,7,1), Data!B2:B1005, "<"&DATE(2023,8,1)) -> 0 | I42: =MAXIFS(Data!Y2:Y1005, Data!B2:B1005, ">="&DATE(2023,8,1), Data!B2:B1005, "<"&DATE(2023,9,1)) -> 0 | J42: =MAXIFS(Data!Y2:Y1005, Data!B2:B1005, ">="&DATE(2023,9,1), Data!B2:B1005, "<"&DATE(2023,10,1)) -> 0 | K42: =MAXIFS(Data!Y2:Y1005, Data!B2:B1005, ">="&DATE(2023,10,1), Data!B2:B1005, "<"&DATE(2023,11,1)) -> 0 | L42: =MAXIFS(Data!Y2:Y1005, Data!B2:B1005, ">="&DATE(2023,11,1), Data!B2:B1005, "<"&DATE(2023,12,1)) -> 0 | M42: =MAXIFS(Data!Y2:Y1005, Data!B2:B1005, ">="&DATE(2023,12,1), Data!B2:B1005, "<"&DATE(2024,1,1)) -> 0
A43: 2024 | B43: =MAXIFS(Data!Y2:Y1005, Data!B2:B1005, ">="&DATE(2024,1,1), Data!B2:B1005, "<"&DATE(2024,2,1)) -> 0 | C43: =MAXIFS(Data!Y2:Y1005, Data!B2:B1005, ">="&DATE(2024,2,1), Data!B2:B1005, "<"&DATE(2024,3,1)) -> 0 | D43: =MAXIFS(Data!Y2:Y1005, Data!B2:B1005, ">="&DATE(2024,3,1), Data!B2:B1005, "<"&DATE(2024,4,1)) -> 0 | E43: =MAXIFS(Data!Y2:Y1005, Data!B2:B1005, ">="&DATE(2024,4,1), Data!B2:B1005, "<"&DATE(2024,5,1)) -> 0 | F43: =MAXIFS(Data!Y2:Y1005, Data!B2:B1005, ">="&DATE(2024,5,1), Data!B2:B1005, "<"&DATE(2024,6,1)) -> 0 | G43: =MAXIFS(Data!Y2:Y1005, Data!B2:B1005, ">="&DATE(2024,6,1), Data!B2:B1005, "<"&DATE(2024,7,1)) -> 0 | H43: =MAXIFS(Data!Y2:Y1005, Data!B2:B1005, ">="&DATE(2024,7,1), Data!B2:B1005, "<"&DATE(2024,8,1)) -> 0 | I43: =MAXIFS(Data!Y2:Y1005, Data!B2:B1005, ">="&DATE(2024,8,1), Data!B2:B1005, "<"&DATE(2024,9,1)) -> 0 | J43: =MAXIFS(Data!Y2:Y1005, Data!B2:B1005, ">="&DATE(2024,9,1), Data!B2:B1005, "<"&DATE(2024,10,1)) -> 0 | K43: =MAXIFS(Data!Y2:Y1005, Data!B2:B1005, ">="&DATE(2024,10,1), Data!B2:B1005, "<"&DATE(2024,11,1)) -> 0 | L43: =MAXIFS(Data!Y2:Y1005, Data!B2:B1005, ">="&DATE(2024,11,1), Data!B2:B1005, "<"&DATE(2024,12,1)) -> 0 | M43: =MAXIFS(Data!Y2:Y1005, Data!B2:B1005, ">="&DATE(2024,12,1), Data!B2:B1005, "<"&DATE(2025,1,1)) -> 0
A44: 2025 | B44: =MAXIFS(Data!Y2:Y1005, Data!B2:B1005, ">="&DATE(2025,1,1), Data!B2:B1005, "<"&DATE(2025,2,1)) -> 17.7 | C44: =MAXIFS(Data!Y2:Y1005, Data!B2:B1005, ">="&DATE(2025,2,1), Data!B2:B1005, "<"&DATE(2025,3,1)) -> 29.1 | D44: =MAXIFS(Data!Y2:Y1005, Data!B2:B1005, ">="&DATE(2025,3,1), Data!B2:B1005, "<"&DATE(2025,4,1)) -> 30.1 | E44: =MAXIFS(Data!Y2:Y1005, Data!B2:B1005, ">="&DATE(2025,4,1), Data!B2:B1005, "<"&DATE(2025,5,1)) -> 51.6 | F44: =MAXIFS(Data!Y2:Y1005, Data!B2:B1005, ">="&DATE(2025,5,1), Data!B2:B1005, "<"&DATE(2025,6,1)) -> 0 | G44: =MAXIFS(Data!Y2:Y1005, Data!B2:B1005, ">="&DATE(2025,6,1), Data!B2:B1005, "<"&DATE(2025,7,1)) -> 0 | H44: =MAXIFS(Data!Y2:Y1005, Data!B2:B1005, ">="&DATE(2025,7,1), Data!B2:B1005, "<"&DATE(2025,8,1)) -> 0 | I44: =MAXIFS(Data!Y2:Y1005, Data!B2:B1005, ">="&DATE(2025,8,1), Data!B2:B1005, "<"&DATE(2025,9,1)) -> 0 | J44: =MAXIFS(Data!Y2:Y1005, Data!B2:B1005, ">="&DATE(2025,9,1), Data!B2:B1005, "<"&DATE(2025,10,1)) -> 0 | K44: =MAXIFS(Data!Y2:Y1005, Data!B2:B1005, ">="&DATE(2025,10,1), Data!B2:B1005, "<"&DATE(2025,11,1)) -> 0 | L44: =MAXIFS(Data!Y2:Y1005, Data!B2:B1005, ">="&DATE(2025,11,1), Data!B2:B1005, "<"&DATE(2025,12,1)) -> 0 | M44: =MAXIFS(Data!Y2:Y1005, Data!B2:B1005, ">="&DATE(2025,12,1), Data!B2:B1005, "<"&DATE(2026,1,1)) -> 0
A45: Maximum | B45: =MAX(B43:B44) -> 17.7 | C45: =MAX(C43:C44) -> 29.1 | D45: =MAX(D43:D44) -> 30.1 | E45: =MAX(E43:E44) -> 51.6 | F45: =MAX(F43:F44) -> 0 | G45: =MAX(G43:G44) -> 0 | H45: =MAX(H43:H44) -> 0 | I45: =MAX(I43:I44) -> 0 | ... M45: =MAX(M43:M44) -> 0
B49: Max RR where all trades would still win
B50: Jan | C50: Feb | D50: mrt | E50: apr | F50: mei | G50: jun | H50: jul | I50: aug | J50: sep | K50: okt | L50: nov | M50: dec
A51: 2023 | B51: =MINIFS(Data!Z2:Z1005, Data!W2:W1005, "Win", Data!B2:B1005, ">="&DATE(2023,1,1), Data!B2:B1005, "<"&DATE(2023,2,1)) -> 0 | C51: =MINIFS(Data!Z2:Z1005, Data!W2:W1005, "Win", Data!B2:B1005, ">="&DATE(2023,2,1), Data!B2:B1005, "<"&DATE(2023,3,1)) -> 0 | D51: =MINIFS(Data!Z2:Z1005, Data!W2:W1005, "Win", Data!B2:B1005, ">="&DATE(2023,3,1), Data!B2:B1005, "<"&DATE(2023,4,1)) -> 0 | E51: =MINIFS(Data!Z2:Z1005, Data!W2:W1005, "Win", Data!B2:B1005, ">="&DATE(2023,4,1), Data!B2:B1005, "<"&DATE(2023,5,1)) -> 0 | F51: =MINIFS(Data!Z2:Z1005, Data!W2:W1005, "Win", Data!B2:B1005, ">="&DATE(2023,5,1), Data!B2:B1005, "<"&DATE(2023,6,1)) -> 0 | G51: =MINIFS(Data!Z2:Z1005, Data!W2:W1005, "Win", Data!B2:B1005, ">="&DATE(2023,6,1), Data!B2:B1005, "<"&DATE(2023,7,1)) -> 0 | H51: =MINIFS(Data!Z2:Z1005, Data!W2:W1005, "Win", Data!B2:B1005, ">="&DATE(2023,7,1), Data!B2:B1005, "<"&DATE(2023,8,1)) -> 0 | I51: =MINIFS(Data!Z2:Z1005, Data!W2:W1005, "Win", Data!B2:B1005, ">="&DATE(2023,8,1), Data!B2:B1005, "<"&DATE(2023,9,1)) -> 0 | J51: =MINIFS(Data!Z2:Z1005, Data!W2:W1005, "Win", Data!B2:B1005, ">="&DATE(2023,9,1), Data!B2:B1005, "<"&DATE(2023,10,1)) -> 0 | K51: =MINIFS(Data!Z2:Z1005, Data!W2:W1005, "Win", Data!B2:B1005, ">="&DATE(2023,10,1), Data!B2:B1005, "<"&DATE(2023,11,1)) -> 0 | L51: =MINIFS(Data!Z2:Z1005, Data!W2:W1005, "Win", Data!B2:B1005, ">="&DATE(2023,11,1), Data!B2:B1005, "<"&DATE(2023,12,1)) -> 0 | M51: =MINIFS(Data!Z2:Z1005, Data!W2:W1005, "Win", Data!B2:B1005, ">="&DATE(2023,12,1), Data!B2:B1005, "<"&DATE(2024,1,1)) -> 0
A52: 2024 | B52: =MINIFS(Data!Z2:Z1005, Data!W2:W1005, "Win", Data!B2:B1005, ">="&DATE(2024,1,1), Data!B2:B1005, "<"&DATE(2024,2,1)) -> 0 | C52: =MINIFS(Data!Z2:Z1005, Data!W2:W1005, "Win", Data!B2:B1005, ">="&DATE(2024,2,1), Data!B2:B1005, "<"&DATE(2024,3,1)) -> 0 | D52: =MINIFS(Data!Z2:Z1005, Data!W2:W1005, "Win", Data!B2:B1005, ">="&DATE(2024,3,1), Data!B2:B1005, "<"&DATE(2024,4,1)) -> 0 | E52: =MINIFS(Data!Z2:Z1005, Data!W2:W1005, "Win", Data!B2:B1005, ">="&DATE(2024,4,1), Data!B2:B1005, "<"&DATE(2024,5,1)) -> 0 | F52: =MINIFS(Data!Z2:Z1005, Data!W2:W1005, "Win", Data!B2:B1005, ">="&DATE(2024,5,1), Data!B2:B1005, "<"&DATE(2024,6,1)) -> 0 | G52: =MINIFS(Data!Z2:Z1005, Data!W2:W1005, "Win", Data!B2:B1005, ">="&DATE(2024,6,1), Data!B2:B1005, "<"&DATE(2024,7,1)) -> 0 | H52: =MINIFS(Data!Z2:Z1005, Data!W2:W1005, "Win", Data!B2:B1005, ">="&DATE(2024,7,1), Data!B2:B1005, "<"&DATE(2024,8,1)) -> 0 | I52: =MINIFS(Data!Z2:Z1005, Data!W2:W1005, "Win", Data!B2:B1005, ">="&DATE(2024,8,1), Data!B2:B1005, "<"&DATE(2024,9,1)) -> 0 | J52: =MINIFS(Data!Z2:Z1005, Data!W2:W1005, "Win", Data!B2:B1005, ">="&DATE(2024,9,1), Data!B2:B1005, "<"&DATE(2024,10,1)) -> 0 | K52: =MINIFS(Data!Z2:Z1005, Data!W2:W1005, "Win", Data!B2:B1005, ">="&DATE(2024,10,1), Data!B2:B1005, "<"&DATE(2024,11,1)) -> 0 | L52: =MINIFS(Data!Z2:Z1005, Data!W2:W1005, "Win", Data!B2:B1005, ">="&DATE(2024,11,1), Data!B2:B1005, "<"&DATE(2024,12,1)) -> 0 | M52: =MINIFS(Data!Z2:Z1005, Data!W2:W1005, "Win", Data!B2:B1005, ">="&DATE(2024,12,1), Data!B2:B1005, "<"&DATE(2025,1,1)) -> 0
A53: 2025 | B53: =MINIFS(Data!Z2:Z1005, Data!W2:W1005, "Win", Data!B2:B1005, ">="&DATE(2025,1,1), Data!B2:B1005, "<"&DATE(2025,2,1)) -> 1.26 | C53: =MINIFS(Data!Z2:Z1005, Data!W2:W1005, "Win", Data!B2:B1005, ">="&DATE(2025,2,1), Data!B2:B1005, "<"&DATE(2025,3,1)) -> 1.15 | D53: =MINIFS(Data!Z2:Z1005, Data!W2:W1005, "Win", Data!B2:B1005, ">="&DATE(2025,3,1), Data!B2:B1005, "<"&DATE(2025,4,1)) -> 1.05 | E53: =MINIFS(Data!Z2:Z1005, Data!W2:W1005, "Win", Data!B2:B1005, ">="&DATE(2025,4,1), Data!B2:B1005, "<"&DATE(2025,5,1)) -> 1.52 | F53: =MINIFS(Data!Z2:Z1005, Data!W2:W1005, "Win", Data!B2:B1005, ">="&DATE(2025,5,1), Data!B2:B1005, "<"&DATE(2025,6,1)) -> 0 | G53: =MINIFS(Data!Z2:Z1005, Data!W2:W1005, "Win", Data!B2:B1005, ">="&DATE(2025,6,1), Data!B2:B1005, "<"&DATE(2025,7,1)) -> 0 | H53: =MINIFS(Data!Z2:Z1005, Data!W2:W1005, "Win", Data!B2:B1005, ">="&DATE(2025,7,1), Data!B2:B1005, "<"&DATE(2025,8,1)) -> 0 | I53: =MINIFS(Data!Z2:Z1005, Data!W2:W1005, "Win", Data!B2:B1005, ">="&DATE(2025,8,1), Data!B2:B1005, "<"&DATE(2025,9,1)) -> 0 | J53: =MINIFS(Data!Z2:Z1005, Data!W2:W1005, "Win", Data!B2:B1005, ">="&DATE(2025,9,1), Data!B2:B1005, "<"&DATE(2025,10,1)) -> 0 | K53: =MINIFS(Data!Z2:Z1005, Data!W2:W1005, "Win", Data!B2:B1005, ">="&DATE(2025,10,1), Data!B2:B1005, "<"&DATE(2025,11,1)) -> 0 | L53: =MINIFS(Data!Z2:Z1005, Data!W2:W1005, "Win", Data!B2:B1005, ">="&DATE(2025,11,1), Data!B2:B1005, "<"&DATE(2025,12,1)) -> 0 | M53: =MINIFS(Data!Z2:Z1005, Data!W2:W1005, "Win", Data!B2:B1005, ">="&DATE(2025,12,1), Data!B2:B1005, "<"&DATE(2026,1,1)) -> 0
A54: Maximum | B54: =MAX(B52:B53) -> 1.26 | C54: =MAX(C52:C53) -> 1.15 | D54: =MAX(D52:D53) -> 1.05 | E54: =MAX(E52:E53) -> 1.52 | F54: =MAX(F52:F53) -> 0 | G54: =MAX(G52:G53) -> 0 | H54: =MAX(H52:H53) -> 0 | I54: =MAX(I52:I53) -> 0 | ... M54: =MAX(M52:M53) -> 0
